,MATERIAL_NAME,AVG_MONTHLY_OUT,SHELF_LIFE_IN_MONTH,DOWNGRADE_VALUE_LOST_PERCENT,AVERAGE_VALUE_PER_TON,NEW_ABC,AvgStock,Value at Risk,Potential Lost Revenue,PLANT_NAME
0,MAT-0001,735.0358333,3,40,12.03017689,A,1576.901042,-302297.3926,8842.611093,CHINA-WAREHOUSE
1,MAT-0002,83.52,8,15,7.449447995,C,151.365625,-57747.49231,622.1778966,CHINA-WAREHOUSE
2,MAT-0003,73.37,2,35,0.8099959722,C,93.10475,-1520.551776,59.42940448,CHINA-WAREHOUSE
3,MAT-0004,1.976666667,3,35,9.249839837,C,78.76458333,23579.78807,18.28385008,CHINA-WAREHOUSE
4,MAT-0005,0.03,5,20,7.12,C,0.00625,-20.47,0.2136,CHINA-WAREHOUSE
5,MAT-0007,202.2566667,2,10,2.090109626,C,658.0635417,5299.477311,422.7386059,CHINA-WAREHOUSE
6,MAT-0008,0.05333333333,3,20,3.2376,C,0.390625,14.93343,0.172672,CHINA-WAREHOUSE
7,MAT-0009,513.0666667,5,40,3.160687311,C,264.9553125,-290831.0249,1621.643303,CHINA-WAREHOUSE
8,MAT-0011,8.91875,3,5,2.3100111,C,144.43125,1359.152781,20.6024115,CHINA-WAREHOUSE
9,MAT-0012,5.5,2,15,2.27001847,C,15.125,140.4573929,12.48510159,CHINA-WAREHOUSE
10,MAT-0013,175.2466667,3,25,10.75046255,B,389.6703125,-36570.30198,1883.982726,CHINA-WAREHOUSE
11,MAT-0014,0.22,3,20,2.233889003,C,0.0785,-25.98012911,0.4914555807,CHINA-WAREHOUSE
12,MAT-0015,522.6666667,8,20,32.26284533,A,891.5395833,-2122762.139,16862.71383,CHINA-WAREHOUSE
13,MAT-0016,98.95,5,5,,C,0.0,0.0,0.0,CHINA-WAREHOUSE
14,MAT-0017,24.088,6,30,16.34875342,C,422.9270833,136544.339,393.8087724,CHINA-WAREHOUSE
15,MAT-0018,77.988,4,15,4.56,C,158.15625,-10519.6293,355.62528,CHINA-WAREHOUSE
16,MAT-0019,10.315,7,30,3.96,C,108.6375,4328.181,40.8474,CHINA-WAREHOUSE
17,MAT-0032,103.5981818,11,20,3.96,C,433.7307292,-55903.26225,410.2488,CHINA-WAREHOUSE
18,MAT-0035,77.055,6,25,3.96,C,748.7479167,28355.37375,305.1378,CHINA-WAREHOUSE
19,MAT-0036,61.36,5,25,5.571009198,C,97.393125,-29165.19067,341.8371244,CHINA-WAREHOUSE
20,MAT-0038,96.25,4,20,7.383763614,C,26.79375,-52898.2055,710.6872479,CHINA-WAREHOUSE
21,MAT-0042,29.692,5,25,4.300003016,C,100.0260417,-5206.654172,127.6756895,CHINA-WAREHOUSE
22,MAT-0046,99.77833333,5,5,6.431430862,B,791.9104167,9422.64916,641.7174524,CHINA-WAREHOUSE
23,MAT-0047,163.765,3,30,8.530080817,A,415.865625,-19302.55994,1396.928685,CHINA-WAREHOUSE
24,MAT-0048,0.09,3,10,0.8909934077,C,0.06816666667,-1.798321695,0.0801894067,CHINA-WAREHOUSE
25,MAT-0049,238.5563636,5,10,13.63083217,B,246.0671875,-129045.0824,3251.721756,CHINA-WAREHOUSE
26,MAT-0050,31.99714286,6,30,4.073241072,C,169.4416667,-2754.471086,130.3320765,CHINA-WAREHOUSE
27,MAT-0052,1.2,4,5,3.324444444,C,86.625,1360.113333,3.989333333,CHINA-WAREHOUSE
28,MAT-0053,60.4525,2,20,7.590091599,C,281.2302083,24337.66034,458.8400124,CHINA-WAREHOUSE
29,MAT-0054,10.9,2,25,10.78866698,C,12.12291667,-2610.070736,117.5964701,CHINA-WAREHOUSE
30,MAT-0055,143.265,2,10,2.62618574,C,537.3583333,6587.217921,376.2405,CHINA-WAREHOUSE
31,MAT-0056,143.5733333,3,5,5.550132038,C,1048.235938,17136.47494,796.8509571,CHINA-WAREHOUSE
32,MAT-0057,4.67,6,20,7.59000827,C,15.70052083,-1870.098975,35.44533862,CHINA-WAREHOUSE
33,MAT-0059,0.56,3,5,3.738434164,C,0.281,-26.15034698,2.093523132,CHINA-WAREHOUSE
34,MAT-0060,9.41,8,30,4.030003894,C,33.98125,-4993.0237,37.92233665,CHINA-WAREHOUSE
35,MAT-0064,59.25,9,40,3.96,C,33.97916667,-79084.5,234.63,CHINA-WAREHOUSE
36,MAT-0065,50.12666667,4,25,2.721646685,C,485.6546875,19401.80414,136.4270761,CHINA-WAREHOUSE
37,MAT-0066,14.82,12,45,6.76,C,54.8375,-37417.3605,100.1832,CHINA-WAREHOUSE
38,MAT-0068,4.5,6,20,0.3300224467,C,17.0625,-65.59196128,1.48510101,CHINA-WAREHOUSE
39,MAT-0069,8.656,4,5,6.689981466,C,6.0375,-956.2157758,57.90847957,CHINA-WAREHOUSE
40,MAT-0070,2.375,7,15,2.0,C,11.02083333,-168.125,4.75,CHINA-WAREHOUSE
41,MAT-0078,0.03,3,5,3.364705882,C,0.019,-1.194470588,0.1009411765,CHINA-WAREHOUSE
42,MAT-0082,228.0333333,3,30,8.530163735,B,608.3854167,-19375.73379,1945.16167,CHINA-WAREHOUSE
43,MAT-0084,603.4408333,3,30,4.300098715,B,841.796875,-124942.6739,2594.855152,CHINA-WAREHOUSE
44,MAT-0085,31.031,8,25,2.014579993,C,282.325,1716.271061,62.51443176,CHINA-WAREHOUSE
45,MAT-0086,9.111428571,6,10,7.589934523,C,86.40625,2408.869023,69.15514626,CHINA-WAREHOUSE
46,MAT-0087,57.94,3,20,5.015699352,C,71.22291667,-10291.92249,290.6096204,CHINA-WAREHOUSE
47,MAT-0091,3.18,9,25,3.96,C,29.14166667,51.645,12.5928,CHINA-WAREHOUSE
48,MAT-0092,515.2,4,20,3.129829506,B,697.3041667,-85350.18981,1612.488162,CHINA-WAREHOUSE
49,MAT-0095,5.17,9,45,1.381489191,C,3.825083333,-2654.837135,7.142299117,CHINA-WAREHOUSE
50,MAT-0096,55.6625,6,5,4.168484848,C,167.9375,-3460.624015,232.0282879,CHINA-WAREHOUSE
51,MAT-0097,97.29833333,7,25,7.590181619,C,246.6067708,-82444.84924,738.5120213,CHINA-WAREHOUSE
52,MAT-0098,41.37222222,5,10,2.230055316,C,163.6682292,-963.2251599,92.2623441,CHINA-WAREHOUSE
53,MAT-0099,219.4133333,6,20,4.394719548,B,826.7270833,-43046.53434,964.2600652,CHINA-WAREHOUSE
54,MAT-0100,40.65,5,30,6.040024074,C,20.27927083,-33154.42827,245.5269786,CHINA-WAREHOUSE
55,MAT-0101,42.44,3,25,7.245067525,C,106.8390625,-3709.644379,307.4806657,CHINA-WAREHOUSE
56,MAT-0102,24.7,5,40,7.354285714,C,26.75833333,-28458.63429,181.6508571,CHINA-WAREHOUSE
57,MAT-0103,16.89,5,30,2.8,C,41.60833333,-3598.7,47.292,CHINA-WAREHOUSE
58,MAT-0104,4.71875,6,15,2.04,C,14.39791667,-425.78625,9.62625,CHINA-WAREHOUSE
59,MAT-0105,6.204285714,3,15,4.56,C,23.03541667,302.5030714,28.29154286,CHINA-WAREHOUSE
60,MAT-0106,16.31,6,10,7.590006162,C,55.25833333,-3233.469125,123.7930005,CHINA-WAREHOUSE
61,MAT-0107,18.2,3,35,5.587142857,C,24.375,-5910.49875,101.686,CHINA-WAREHOUSE
62,MAT-0108,115.2725,5,20,4.510005971,C,192.1104167,-34659.58381,519.8796633,CHINA-WAREHOUSE
63,MAT-0111,79.755,2,30,5.980052561,C,316.7770833,28213.96273,476.939092,CHINA-WAREHOUSE
64,MAT-0112,438.0708333,6,20,4.56,B,783.7166667,-168237.4,1997.603,CHINA-WAREHOUSE
65,MAT-0113,25.935,2,15,2.247741935,C,71.38645833,658.0194274,58.2951871,CHINA-WAREHOUSE
66,MAT-0114,13.61111111,7,40,3.96,C,59.76927083,-5624.5475,53.9,CHINA-WAREHOUSE
67,MAT-0115,6.1825,7,30,2.96,C,17.86041667,-2257.037,18.3002,CHINA-WAREHOUSE
68,MAT-0116,2.76875,5,25,2.05539578,C,145.4864583,6764.446679,5.690877066,CHINA-WAREHOUSE
69,MAT-0117,3.16,3,40,9.576831459,C,4.557291667,-1885.757921,30.26278741,CHINA-WAREHOUSE
70,MAT-0118,140.94,2,15,4.635195328,C,162.9208333,-8270.984604,653.2844296,CHINA-WAREHOUSE
71,MAT-0119,4.14,8,10,6.429818182,C,0.34375,-2107.453282,26.61944727,CHINA-WAREHOUSE
72,MAT-0120,325.8666667,8,5,4.509964549,C,356.8458333,-50739.07428,1469.647114,CHINA-WAREHOUSE
73,MAT-0128,0.11,3,10,3.64807853,C,0.0605,-9.831571637,0.4012886383,CHINA-WAREHOUSE
74,MAT-0137,152.6741667,8,15,4.51938992,B,437.5666667,-53136.27504,689.9940899,CHINA-WAREHOUSE
75,MAT-0138,23.71,2,10,2.63833509,C,23.725,-625.1534995,62.55492497,CHINA-WAREHOUSE
76,MAT-0141,62.775,2,25,4.330471668,C,66.00758333,-6446.16871,271.8453589,CHINA-WAREHOUSE
77,MAT-0142,321.5466667,6,35,10.62032924,A,764.3171875,-433030.1016,3414.931465,CHINA-WAREHOUSE
78,MAT-0143,209.185,3,20,10.62004521,B,931.0640625,64465.5993,2221.554157,CHINA-WAREHOUSE
79,MAT-0144,963.7333333,5,25,10.62000919,A,1426.375521,-900654.0784,10234.85685,CHINA-WAREHOUSE
80,MAT-0145,1677.436667,6,30,10.75007991,A,2685.373438,-2379824.707,18032.57821,CHINA-WAREHOUSE
81,MAT-0146,341.4891667,5,30,4.56,B,279.3776042,-195359.7338,1557.1906,CHINA-WAREHOUSE
82,MAT-0147,26.17,4,40,0.5001110545,C,97.08333333,-151.9670791,13.0879063,CHINA-WAREHOUSE
83,MAT-0148,32.1575,2,15,8.769330112,C,74.11979167,1289.721822,281.9997331,CHINA-WAREHOUSE
84,MAT-0149,19.755,8,20,6.29,C,2.2,-19604.672,124.25895,CHINA-WAREHOUSE
85,MAT-0150,54.01545455,6,35,139.8977537,A,156.1802083,-822170.4478,7556.640758,CHINA-WAREHOUSE
86,MAT-0151,86.89,6,10,5.338210391,C,240.0359375,-15016.60269,463.8371008,CHINA-WAREHOUSE
87,MAT-0153,334.9145455,4,30,7.590355712,B,261.4760417,-245513.579,2542.120533,CHINA-WAREHOUSE
88,MAT-0154,22.955,8,20,0.3301476864,C,115.1625,-452.1537639,7.578540141,CHINA-WAREHOUSE
89,MAT-0156,180.6925,8,20,8.470945707,B,468.8307292,-165473.0241,1530.636357,CHINA-WAREHOUSE
90,MAT-0157,0.6,7,45,2.2,C,0.6666666667,-349.8,1.32,CHINA-WAREHOUSE
91,MAT-0158,96.32166667,8,20,8.191694045,B,316.871875,-74331.67069,789.0376233,CHINA-WAREHOUSE
92,MAT-0159,6.818333333,4,25,13.81428615,C,204.5026042,61207.39654,94.19040774,CHINA-WAREHOUSE
93,MAT-0160,1.07125,5,25,3.382496531,C,381.4208333,31800.92871,3.623499409,CHINA-WAREHOUSE
94,MAT-0161,32.92666667,7,5,1.433335599,C,68.04375,-1164.176076,47.19496348,CHINA-WAREHOUSE
95,MAT-0162,12.38,3,25,0.612,C,24.08333333,-199.767,7.57656,CHINA-WAREHOUSE
96,MAT-0163,145.1,2,25,12.38591453,C,221.6916667,-21213.45903,1797.196198,CHINA-WAREHOUSE
97,MAT-0164,6.9,2,5,7.589999658,C,36.66666667,867.7899609,52.37099764,CHINA-WAREHOUSE
98,MAT-0165,16.035,5,10,2.04,C,30.01666667,-1023.23,32.7114,CHINA-WAREHOUSE
99,MAT-0166,5.036666667,4,30,12.32347952,C,693.8854167,249084.1706,62.06925851,CHINA-WAREHOUSE
100,MAT-0167,4.426666667,8,10,3.030009515,C,87.42916667,1576.084699,13.41284212,CHINA-WAREHOUSE
101,MAT-0168,2.753333333,8,20,3.96,C,13.4,-683.232,10.9032,CHINA-WAREHOUSE
102,MAT-0174,10.59857143,5,10,4.965333333,C,27.32291667,-1274.598111,52.62544,CHINA-WAREHOUSE
103,MAT-0175,28.16333333,5,20,2.68,C,29.86041667,-5947.255,75.47773333,CHINA-WAREHOUSE
104,MAT-0176,37.33,6,30,12.72,C,172.3208333,-19713.138,474.8376,CHINA-WAREHOUSE
105,MAT-0178,53.48181818,11,20,3.96,C,54.68229167,-42262.5225,211.788,CHINA-WAREHOUSE
106,MAT-0179,4.916666667,6,30,3.99664886,C,14.46510417,-1802.675979,19.65019023,CHINA-WAREHOUSE
107,MAT-0180,4.7825,4,5,2.815978261,C,46.61875,387.0386121,13.46741603,CHINA-WAREHOUSE
108,MAT-0187,0.15,5,30,3.432623363,C,0.171375,-59.58605081,0.5148935045,CHINA-WAREHOUSE
109,MAT-0188,62.6,4,10,6.430048376,C,153.8708333,-6206.872114,402.5210284,CHINA-WAREHOUSE
110,MAT-0190,411.708,3,15,2.530043835,C,189.99375,-39663.38018,1041.639287,CHINA-WAREHOUSE
111,MAT-0193,59.568,4,5,5.860023532,C,190.4045208,-1402.522772,349.0698818,CHINA-WAREHOUSE
112,MAT-0194,0.475,2,25,3.138482991,C,0.3087916667,-50.31053619,1.490779421,CHINA-WAREHOUSE
113,MAT-0195,67.95444444,7,5,3.152926106,C,438.71875,-582.6979665,214.2553419,CHINA-WAREHOUSE
114,MAT-0196,86.695,4,35,8.530239092,C,297.6536458,-14667.08414,739.5290781,CHINA-WAREHOUSE
115,MAT-0197,151.9563636,9,40,5.599214741,B,170.946875,-268014.3416,850.8363113,CHINA-WAREHOUSE
116,MAT-0198,267.4518182,6,5,3.37807246,B,887.7572917,-12109.60635,903.4716214,CHINA-WAREHOUSE
117,MAT-0199,13.355,3,35,14.3504852,C,24.151375,-7992.888404,191.6507299,CHINA-WAREHOUSE
118,MAT-0200,0.6,8,25,2.493333333,C,0.45,-271.15,1.496,CHINA-WAREHOUSE
119,MAT-0201,123.2383333,4,35,10.62001666,A,555.4354167,23224.62682,1308.793154,CHINA-WAREHOUSE
120,MAT-0202,39.65142857,6,30,2.814183506,C,99.62916667,-11674.3086,111.5863963,CHINA-WAREHOUSE
121,MAT-0205,0.555,2,15,6.033384641,C,0.42475,-62.01565237,3.348528476,CHINA-WAREHOUSE
122,MAT-0206,117.2016667,4,30,14.98395587,B,374.3723958,-42449.96839,1756.144601,CHINA-WAREHOUSE
123,MAT-0207,23.87857143,4,15,2.04,C,52.18072917,-1326.00683,48.71228571,CHINA-WAREHOUSE
124,MAT-0208,4.14,6,5,6.860363636,C,0.34375,-840.2659136,28.40190545,CHINA-WAREHOUSE
125,MAT-0209,0.3,8,30,3.14,C,0.025,-223.725,0.942,CHINA-WAREHOUSE
126,MAT-0214,2.715,6,15,5.068441494,C,2.5823125,-1042.149182,13.76081866,CHINA-WAREHOUSE
127,MAT-0215,53.37,4,30,3.290002694,C,57.24375,-15420.5305,175.5874438,CHINA-WAREHOUSE
128,MAT-0216,18.52,5,25,4.604907392,C,6.945,-9860.833566,85.28288489,CHINA-WAREHOUSE
129,MAT-0217,30.742,6,50,3.564,C,134.9729167,-8817.17265,109.564488,CHINA-WAREHOUSE
130,MAT-0218,17.7575,4,30,7.350537589,C,3.479166667,-14896.04819,130.5271712,CHINA-WAREHOUSE
131,MAT-0229,414.7,5,5,3.140078288,B,577.4041667,-23489.29021,1302.190466,CHINA-WAREHOUSE
132,MAT-0230,12.33,6,15,6.04,C,3.08125,-6423.42675,74.4732,CHINA-WAREHOUSE
133,MAT-0231,4.946,7,25,2.622857143,C,6.566666667,-1839.628286,12.97265143,CHINA-WAREHOUSE
134,MAT-0232,162.41,8,30,4.93463743,C,255.9395833,-154455.2002,801.4344651,CHINA-WAREHOUSE
135,MAT-0233,148.5209091,12,50,4.117023399,C,154.9046875,-334991.1236,611.464058,CHINA-WAREHOUSE
136,MAT-0234,70.17181818,5,10,1.730995926,C,399.8161458,847.4446264,121.4671314,CHINA-WAREHOUSE
137,MAT-0235,0.255,6,25,42.856,C,0.1927083333,-1432.774292,10.92828,CHINA-WAREHOUSE
138,MAT-0236,44.30111111,4,15,190.5483532,A,80.94322917,-275136.2407,8441.503768,CHINA-WAREHOUSE
139,MAT-0237,20.956,8,5,2.050736842,C,651.4046875,4960.288308,42.97524126,CHINA-WAREHOUSE
140,MAT-0239,33.005,6,25,3.030017508,C,27.15625,-12943.76136,100.0057279,CHINA-WAREHOUSE
141,MAT-0246,185.678,4,20,2.330040706,C,104.8833333,-29723.33513,432.6372981,CHINA-WAREHOUSE
142,MAT-0249,25.9,12,50,6.5,C,12.95,-96801.25,168.35,CHINA-WAREHOUSE
143,MAT-0250,4.12,2,20,5.980043956,C,2.59375,-675.2964637,24.6377811,CHINA-WAREHOUSE
144,MAT-0251,8.28,3,20,,C,0.0,0.0,0.0,CHINA-WAREHOUSE
145,MAT-0254,2.866666667,4,20,11.87625,C,71.25,14200.03625,34.04525,CHINA-WAREHOUSE
146,MAT-0255,15.075,6,5,0.3300176976,C,27.81041667,-103.3608553,4.975016791,CHINA-WAREHOUSE
147,MAT-0256,49.45,4,25,3.094801009,C,90.50885417,-8301.118658,153.0379099,CHINA-WAREHOUSE
148,MAT-0259,117.138,7,25,3.140066314,C,107.3125,-55944.48122,367.8210878,CHINA-WAREHOUSE
149,MAT-0260,0.41,5,20,2.589230769,C,1.7625,-14.88807692,1.061584615,CHINA-WAREHOUSE
150,MAT-0261,130.0136364,5,25,7.028362683,B,693.9364583,7708.053941,913.7829901,CHINA-WAREHOUSE
151,MAT-0262,49.5,7,20,0.735,C,43.3125,-4456.85625,36.3825,CHINA-WAREHOUSE
152,MAT-0263,295.7,5,30,6.76,C,12.96875,-297209.7375,1998.932,CHINA-WAREHOUSE
153,MAT-0264,429.7416667,7,10,7.895627713,A,383.1046875,-207267.095,3393.080213,CHINA-WAREHOUSE
154,MAT-0265,446.3091667,8,10,8.1432296,A,749.5328125,-229715.6635,3634.398017,CHINA-WAREHOUSE
155,MAT-0266,64.43666667,8,5,7.589955653,C,97.38020833,-15867.30038,489.0714424,CHINA-WAREHOUSE
156,MAT-0267,279.9275,2,15,16.13276894,B,614.4432292,13209.88932,4516.005677,CHINA-WAREHOUSE
157,MAT-0268,249.4541667,12,50,7.682620528,B,671.7088542,-891852.8094,1916.461702,CHINA-WAREHOUSE
158,MAT-0269,22.695,8,25,2.170012121,C,14.4375,-9066.446268,49.24842509,CHINA-WAREHOUSE
159,MAT-0270,213.2575,5,35,9.717656957,B,551.1635417,-175202.9271,2072.363228,CHINA-WAREHOUSE
160,MAT-0271,0.6,7,25,0.3636363636,C,0.6,-32.72727273,0.2181818182,CHINA-WAREHOUSE
161,MAT-0272,0.045,8,20,6.372680069,C,0.0625,-37.91744641,0.2867706031,CHINA-WAREHOUSE
162,MAT-0273,4.5025,8,30,4.56,C,88.75625,7214.319,20.5314,CHINA-WAREHOUSE
163,MAT-0276,71.11727273,5,5,2.04,C,395.8744792,410.9387784,145.0792364,CHINA-WAREHOUSE
164,MAT-0277,0.03,7,20,3.382502407,C,25.96041667,1742.016927,0.1014750722,CHINA-WAREHOUSE
165,MAT-0279,4.505,3,35,4.735508935,C,3.315625,-1690.4731,21.33346775,CHINA-WAREHOUSE
166,MAT-0280,0.49,9,30,6.688915616,C,0.3259375,-819.538483,3.277568652,CHINA-WAREHOUSE
167,MAT-0281,0.50875,3,20,12.11180742,C,337.8098958,81460.05511,6.161882023,CHINA-WAREHOUSE
168,MAT-0282,0.055,8,35,14.28021727,C,0.1214166667,-159.2303726,0.7854119497,CHINA-WAREHOUSE
169,MAT-0284,6.34,3,40,0.6200022869,C,32.21458333,327.2268737,3.930814499,CHINA-WAREHOUSE
170,MAT-0285,60.505,3,5,2.04,C,162.425,-194.718,123.4302,CHINA-WAREHOUSE
171,MAT-0286,45.0,6,25,18.42,C,14.25,-117772.875,828.9,CHINA-WAREHOUSE
172,MAT-0287,0.65,4,30,4.646037736,C,0.25625,-326.6745283,3.019924528,CHINA-WAREHOUSE
173,MAT-0291,1.016666667,7,5,3.14,C,17.625,164.9808333,3.192333333,CHINA-WAREHOUSE
174,MAT-0294,1.2,5,30,1.565444689,C,1.46825,-212.826119,1.878533627,CHINA-WAREHOUSE
175,MAT-0295,21.014,6,25,1.726564738,C,90.146875,-1551.19432,36.28203141,CHINA-WAREHOUSE
176,MAT-0298,8.28,3,5,,C,0.0,0.0,0.0,CHINA-WAREHOUSE
177,MAT-0299,0.1,7,5,7.851603774,C,0.45625,-9.569142099,0.7851603774,CHINA-WAREHOUSE
178,MAT-0312,19.66222222,11,30,4.376155759,C,96.43645833,-15734.20364,86.04494702,CHINA-WAREHOUSE
179,MAT-0313,43.916,4,50,4.735639307,C,29.8171875,-34533.89491,207.9703358,CHINA-WAREHOUSE
180,MAT-0314,320.2041667,4,35,11.95003088,A,1005.930208,-114971.5583,3826.449679,CHINA-WAREHOUSE
181,MAT-0315,128.7783333,5,15,3.030001294,C,460.1864583,-8349.405286,390.1985167,CHINA-WAREHOUSE
182,MAT-0316,301.8381818,4,5,7.590237618,B,392.9213542,-30908.63823,2291.023522,CHINA-WAREHOUSE
183,MAT-0317,55.60727273,2,20,7.352194026,C,238.8744792,18771.61204,408.8354583,CHINA-WAREHOUSE
184,MAT-0318,265.7209091,2,20,4.302563519,B,421.04375,-9499.894014,1143.28109,CHINA-WAREHOUSE
185,MAT-0319,646.855,8,5,7.428650742,A,611.0979167,-169512.2301,4805.259876,CHINA-WAREHOUSE
186,MAT-0320,16.49,4,25,4.56,C,81.64375,1787.9475,75.1944,CHINA-WAREHOUSE
187,MAT-0321,681.99,3,25,7.349985454,A,359.1421875,-309953.9971,5012.61658,CHINA-WAREHOUSE
188,MAT-0322,274.637,4,30,8.029038338,B,232.5729167,-208588.4143,2205.071002,CHINA-WAREHOUSE
189,MAT-0323,57.3,12,20,7.588388798,C,249.3114583,-66518.0772,434.8146781,CHINA-WAREHOUSE
190,MAT-0324,29.64666667,3,25,13.58007893,C,397.8265625,104867.5975,402.6040733,CHINA-WAREHOUSE
191,MAT-0325,296.65,6,25,4.526045221,B,456.6098958,-149731.7713,1342.651315,CHINA-WAREHOUSE
192,MAT-0326,12.16333333,8,5,3.00633126,C,68.14270833,-438.382598,36.56700923,CHINA-WAREHOUSE
193,MAT-0327,52.20333333,8,15,4.760854495,C,180.0890625,-16963.22956,248.5324742,CHINA-WAREHOUSE
194,MAT-0328,246.9075,6,40,9.527462014,B,623.1744792,-327085.5914,2352.401827,CHINA-WAREHOUSE
195,MAT-0329,7.86,8,25,6.76,C,22.01041667,-6906.959583,53.1336,CHINA-WAREHOUSE
196,MAT-0330,0.08,4,10,6.76,C,24.2859375,1620.097375,0.5408,CHINA-WAREHOUSE
197,MAT-0331,0.01,6,25,1.296296296,C,0.012,-1.555555556,0.01296296296,CHINA-WAREHOUSE
198,MAT-0332,957.1971429,6,25,0.9301176278,C,3642.567188,-48845.49159,890.3059359,CHINA-WAREHOUSE
199,MAT-0333,241.764,6,35,91.73174436,A,155.1963542,-4158985.893,22177.43344,CHINA-WAREHOUSE
200,MAT-0334,1.4575,4,15,2.124057271,C,42.59375,1171.324658,3.095813473,CHINA-WAREHOUSE
201,MAT-0338,3.791,6,40,3.96,C,12.30625,-1653.6564,15.01236,CHINA-WAREHOUSE
202,MAT-0339,14.03636364,7,50,7.12,C,17.634375,-28700.78068,99.93890909,CHINA-WAREHOUSE
203,MAT-0340,98.76416667,3,25,7.593029197,B,423.1848958,24087.44166,749.9192012,CHINA-WAREHOUSE
204,MAT-0341,382.196,8,25,999.2244064,A,382.21875,-66831856.66,381899.5712,CHINA-WAREHOUSE
205,MAT-0343,0.5,5,20,3.96,C,12.25,772.2,1.98,CHINA-WAREHOUSE
206,MAT-0350,0.05833333333,4,25,9.542188261,C,2.444270833,527.4295465,0.5566276486,CHINA-WAREHOUSE
207,MAT-0351,88.56,2,5,3.740094869,C,115.0583333,-1160.582605,331.2228016,CHINA-WAREHOUSE
208,MAT-0352,1.68,8,20,6.76,C,15.371875,261.1895,11.3568,CHINA-WAREHOUSE
209,MAT-0353,86.585,6,15,4.300182319,C,288.2145833,-14919.18692,372.3312861,CHINA-WAREHOUSE
210,MAT-0354,204.8127273,7,25,4.56,B,539.3,-101960.3564,933.9460364,CHINA-WAREHOUSE
211,MAT-0356,127.5283333,7,15,3.740124446,C,351.6260417,-30355.16558,476.971837,CHINA-WAREHOUSE
212,MAT-0357,6.251818182,5,30,0.2,C,46.35989583,90.60482955,1.250363636,CHINA-WAREHOUSE
213,MAT-0358,0.394,4,30,60.1276087,C,4.633854167,5515.843763,23.69027783,CHINA-WAREHOUSE
214,MAT-0362,153.4,4,20,1.256,C,2.4375,-15352.402,192.6704,CHINA-WAREHOUSE
215,MAT-0363,74.235,7,5,0.3300249173,C,51.728125,-772.1211399,24.49939974,CHINA-WAREHOUSE
216,MAT-0367,4.375,4,20,4.56,C,17.66666667,15.2,19.95,CHINA-WAREHOUSE
217,MAT-0368,5.5,7,35,3.96,C,10.08333333,-3938.55,21.78,CHINA-WAREHOUSE
218,MAT-0369,67.54,5,20,0.9301177011,C,2.01875,-6244.461451,62.82014954,CHINA-WAREHOUSE
219,MAT-0373,6.145,7,5,38.05031613,C,3.433333333,-7530.474647,233.8191926,CHINA-WAREHOUSE
220,MAT-0374,36.964,3,25,6.204512614,C,63.43333333,-7361.4474,229.3436043,CHINA-WAREHOUSE
221,MAT-0375,61.72636364,5,40,4.232080513,C,155.2708333,-25961.44142,261.2309407,CHINA-WAREHOUSE
222,MAT-0376,67.66333333,9,30,0.0,C,92.73125,0.0,0.0,CHINA-WAREHOUSE
223,MAT-0377,34.67,11,50,8.754971581,C,191.1380208,-83273.77857,303.5348647,CHINA-WAREHOUSE
224,MAT-0378,56.29272727,8,10,2.8,C,253.3078125,-5516.952159,157.6196364,CHINA-WAREHOUSE
225,MAT-0379,300.0958333,8,15,3.029461748,B,537.7708333,-84658.11921,909.1288479,CHINA-WAREHOUSE
226,MAT-0380,64.34,8,20,2.090019887,C,102.203125,-17243.36945,134.4718795,CHINA-WAREHOUSE
227,MAT-0381,12.325,6,25,4.16308158,C,55.09270833,-1962.61109,51.30998047,CHINA-WAREHOUSE
228,MAT-0382,600.9275,6,10,7.35058569,A,557.1817708,-224074.0214,4417.169082,CHINA-WAREHOUSE
229,MAT-0383,51.73833333,4,5,0.2260233918,C,21.28229167,-209.829993,11.69407359,CHINA-WAREHOUSE
230,MAT-0384,94.51181818,8,30,7.35004549,C,197.5671875,-123156.0447,694.666163,CHINA-WAREHOUSE
231,MAT-0385,0.65,8,5,1.229090909,C,0.65,-27.96181818,0.7989090909,CHINA-WAREHOUSE
232,MAT-0386,78.83545455,2,10,2.090033734,C,508.2208333,7326.611673,164.7687595,CHINA-WAREHOUSE
233,MAT-0388,138.685,4,5,7.589976267,B,174.846875,-14416.89901,1052.615859,CHINA-WAREHOUSE
234,MAT-0389,497.4733333,5,40,11.73519766,A,1175.190104,-615946.0529,5837.947896,CHINA-WAREHOUSE
235,MAT-0390,111.083,7,30,4.56,C,225.6588542,-75502.94955,506.53848,CHINA-WAREHOUSE
236,MAT-0391,5.498333333,3,30,3.140127164,C,13.28958333,-301.9624784,17.26546586,CHINA-WAREHOUSE
237,MAT-0392,3.424285714,2,20,2.68,C,21.21458333,770.0182381,9.177085714,CHINA-WAREHOUSE
238,MAT-0393,9.486666667,5,25,3.740004873,C,116.3,6439.041724,35.48017957,CHINA-WAREHOUSE
239,MAT-0394,24.75,4,10,5.894127946,C,18.5625,-4741.089167,145.8796667,CHINA-WAREHOUSE
240,MAT-0396,22.56,2,30,5.566007434,C,79.95625,5816.964794,125.5691277,CHINA-WAREHOUSE
241,MAT-0397,0.311,9,20,3.96,C,24.37916667,1709.1492,1.23156,CHINA-WAREHOUSE
242,MAT-0398,61.725,3,25,2.569344713,C,43.047,-9129.395634,158.5928024,CHINA-WAREHOUSE
243,MAT-0399,511.3366667,3,15,7.096923405,B,613.1958333,-98024.21417,3628.917158,CHINA-WAREHOUSE
244,MAT-0400,505.34,5,5,9.613864901,B,693.2625,-88132.10215,4858.270489,CHINA-WAREHOUSE
245,MAT-0401,0.67,8,25,5.860986547,C,0.16725,-760.8659473,3.926860987,CHINA-WAREHOUSE
246,MAT-0402,146.805,4,10,4.614448519,C,213.353125,-17251.89448,677.4241149,CHINA-WAREHOUSE
247,MAT-0409,0.15,3,25,6.483222038,C,6.15,923.8591404,0.9724833057,CHINA-WAREHOUSE
248,MAT-0412,4.2,4,30,3.74,C,1.05,-1767.15,15.708,CHINA-WAREHOUSE
249,MAT-0413,304.1383333,7,20,2.83218482,B,1097.255729,-58440.01552,861.3759708,CHINA-WAREHOUSE
250,MAT-0415,447.1608333,8,15,36.45068173,A,993.6916667,-1412606.986,16299.31722,CHINA-WAREHOUSE
251,MAT-0416,150.9663636,4,10,24.44281278,A,508.7119792,-23258.18584,3690.042562,CHINA-WAREHOUSE
252,MAT-0417,9.425,4,25,2.870366907,C,26.10833333,-831.8084098,27.05320809,CHINA-WAREHOUSE
253,MAT-0418,4.14,4,10,6.860363636,C,1.03125,-1065.328718,28.40190545,CHINA-WAREHOUSE
254,MAT-0425,0.4,4,25,6.011948055,C,0.126,-221.5402858,2.404779222,CHINA-WAREHOUSE
255,MAT-0428,124.1525,2,25,4.510669646,C,432.5395833,20775.53357,560.0109132,CHINA-WAREHOUSE
256,MAT-0429,0.2283333333,3,35,6.450340557,C,0.3625,-72.80821904,1.472827761,CHINA-WAREHOUSE
257,MAT-0430,21.09,5,25,3.201408916,C,71.38958333,-2726.03304,67.51771403,CHINA-WAREHOUSE
258,MAT-0005,12.0,5,20,1470.769231,C,9.75,-1478123.077,17649.23077,SINGAPORE-WAREHOUSE
259,MAT-0007,26.55,2,10,565.5883657,C,37.64583333,-87406.96869,15016.37111,SINGAPORE-WAREHOUSE
260,MAT-0011,1.0,3,5,0.0208923188,C,18.3,1.598262388,0.0208923188,SINGAPORE-WAREHOUSE
261,MAT-0012,83.188125,2,15,714.2915856,C,335.66875,1813863.124,59420.57771,SINGAPORE-WAREHOUSE
262,MAT-0014,148.5,3,20,566.6073094,C,47.15416667,-4514113.217,84141.18544,SINGAPORE-WAREHOUSE
263,MAT-0015,606.8375,8,20,1750.232111,A,948.4104167,-136738269.3,1062106.479,SINGAPORE-WAREHOUSE
264,MAT-0019,2.0875,7,30,1292.000656,C,37.65416667,893095.4537,2697.05137,SINGAPORE-WAREHOUSE
265,MAT-0023,13.75,5,15,1030.0,C,1.375,-1040943.75,14162.5,SINGAPORE-WAREHOUSE
266,MAT-0024,57.75,5,15,692.5028299,C,160.875,-1328306.991,39992.03843,SINGAPORE-WAREHOUSE
267,MAT-0026,16.5,7,30,1000.0,C,4.125,-3341250.0,16500.0,SINGAPORE-WAREHOUSE
268,MAT-0028,0.5,10,45,519.2368165,C,18.94791667,325902.2331,259.6184083,SINGAPORE-WAREHOUSE
269,MAT-0029,7.5625,3,20,523.9259259,C,8.06875,-153182.8426,3962.189815,SINGAPORE-WAREHOUSE
270,MAT-0030,10.09625,4,5,529.9993036,C,44.70833333,11456.81828,5351.005469,SINGAPORE-WAREHOUSE
271,MAT-0032,101.9916667,11,20,1534.614036,A,67.5375,-32361045.6,156517.8432,SINGAPORE-WAREHOUSE
272,MAT-0034,0.5,8,10,507.6923077,C,10.52083333,33105.76923,253.8461538,SINGAPORE-WAREHOUSE
273,MAT-0035,86.94583333,6,25,1092.309438,A,437.8947917,-2287847.806,94971.75432,SINGAPORE-WAREHOUSE
274,MAT-0037,121.003125,3,15,507.2776115,C,503.6645833,1070268.572,61382.17623,SINGAPORE-WAREHOUSE
275,MAT-0040,0.3,3,10,1192.500253,C,218.5145833,2595054.456,357.7500758,SINGAPORE-WAREHOUSE
276,MAT-0041,93.5,2,10,1231.751336,C,2.34375,-2274505.826,115168.7499,SINGAPORE-WAREHOUSE
277,MAT-0044,36.92857143,6,5,2134.451395,C,280.8916667,633080.8249,78822.24082,SINGAPORE-WAREHOUSE
278,MAT-0046,113.36375,5,5,1617.111168,A,98.67083333,-3785236.121,183321.7862,SINGAPORE-WAREHOUSE
279,MAT-0050,77.78571429,6,30,1112.308182,A,122.2677083,-11493922.39,86521.68642,SINGAPORE-WAREHOUSE
280,MAT-0051,259.4816667,8,25,1953.862275,A,745.9651042,-64960461.01,506991.4394,SINGAPORE-WAREHOUSE
281,MAT-0053,66.652,2,20,952.8607849,A,159.6041667,501207.9491,63510.07704,SINGAPORE-WAREHOUSE
282,MAT-0055,4.125,2,10,1336.953193,C,43.828125,475662.8782,5514.931921,SINGAPORE-WAREHOUSE
283,MAT-0056,534.8511538,3,5,752.5376177,A,1106.519271,-1873947.317,402495.6131,SINGAPORE-WAREHOUSE
284,MAT-0057,173.25,6,20,1073.09138,C,99.13020833,-20182054.36,185913.0816,SINGAPORE-WAREHOUSE
285,MAT-0062,198.2145833,7,30,1136.181037,A,330.9119792,-36014329.21,225207.6509,SINGAPORE-WAREHOUSE
286,MAT-0063,6.875,2,10,1050.055447,C,5.527083333,-86345.18438,7219.1312,SINGAPORE-WAREHOUSE
287,MAT-0065,62.52954545,4,25,658.6019006,A,566.8645833,5215244.551,41182.07748,SINGAPORE-WAREHOUSE
288,MAT-0066,24.75,12,45,1043.340067,C,12.375,-13363230.0,25822.66667,SINGAPORE-WAREHOUSE
289,MAT-0068,59.96428571,6,20,410.7770709,C,349.9807292,-80553.26135,24631.95364,SINGAPORE-WAREHOUSE
290,MAT-0071,82.5,5,15,1487.526667,C,318.0916667,-2106523.702,122720.9501,SINGAPORE-WAREHOUSE
291,MAT-0072,38.27083333,6,10,1725.366506,B,309.334375,1375278.858,66031.21399,SINGAPORE-WAREHOUSE
292,MAT-0073,55.3925,8,35,2126.254022,C,102.6046875,-25342260.23,117778.5259,SINGAPORE-WAREHOUSE
293,MAT-0074,7.814,6,15,287.0277072,C,267.5125,949897.3875,2242.834504,SINGAPORE-WAREHOUSE
294,MAT-0075,51.045,12,30,1501.538672,A,139.8416667,-21293244.83,76646.04151,SINGAPORE-WAREHOUSE
295,MAT-0076,4.125,3,15,1045.090909,C,2.0625,-161662.5,4311.0,SINGAPORE-WAREHOUSE
296,MAT-0077,22.62,3,25,526.8331639,C,44.2,-311621.8165,11916.96617,SINGAPORE-WAREHOUSE
297,MAT-0079,70.13,5,5,919.7963483,C,18.06875,-1529535.096,64505.31791,SINGAPORE-WAREHOUSE
298,MAT-0080,9.625,8,25,527.5194805,C,9.625,-888540.625,5077.375,SINGAPORE-WAREHOUSE
299,MAT-0081,25.5,5,45,1489.980392,C,12.75,-7693886.25,37994.5,SINGAPORE-WAREHOUSE
300,MAT-0085,43.53227273,8,25,711.8221396,C,252.7458333,-1699695.106,30987.23551,SINGAPORE-WAREHOUSE
301,MAT-0089,6.675,4,5,565.99964,C,79.79583333,150261.1128,3778.047597,SINGAPORE-WAREHOUSE
302,MAT-0093,24.75,6,10,975.010101,C,6.1875,-1387561.25,24131.5,SINGAPORE-WAREHOUSE
303,MAT-0095,12.72,9,45,811.3621813,C,3.420833333,-4054914.348,10320.52695,SINGAPORE-WAREHOUSE
304,MAT-0096,8.25,6,5,623.3804714,C,8.25,-128572.2222,5142.888889,SINGAPORE-WAREHOUSE
305,MAT-0098,173.253,5,10,784.2697061,B,102.8744792,-5987040.594,135877.0794,SINGAPORE-WAREHOUSE
306,MAT-0099,402.92125,6,20,447.6951354,A,1196.70625,-10931114.7,180385.8836,SINGAPORE-WAREHOUSE
307,MAT-0100,20.0575,5,30,1030.197697,C,17.88120833,-2546843.157,20663.19031,SINGAPORE-WAREHOUSE
308,MAT-0101,13.75,3,25,1020.0,C,3.4375,-964218.75,14025.0,SINGAPORE-WAREHOUSE
309,MAT-0103,24.75,5,30,695.3136489,C,6.6125,-2443419.076,17209.01281,SINGAPORE-WAREHOUSE
310,MAT-0104,73.54166667,6,15,475.395648,B,178.9546875,-1870410.751,34961.38828,SINGAPORE-WAREHOUSE
311,MAT-0105,11.7875,3,15,503.6634545,C,19.30833333,-121288.4556,5936.93297,SINGAPORE-WAREHOUSE
312,MAT-0106,66.15444444,6,10,428.8914477,C,247.575,-640556.5253,28373.07545,SINGAPORE-WAREHOUSE
313,MAT-0109,92.25545455,8,10,1326.159939,A,327.775,-5440818.296,122345.4879,SINGAPORE-WAREHOUSE
314,MAT-0110,14.79166667,6,25,1096.384585,C,23.0109375,-1801882.369,16217.35532,SINGAPORE-WAREHOUSE
315,MAT-0111,2.0625,2,30,700.0454545,C,26.4125,468067.892,1443.84375,SINGAPORE-WAREHOUSE
316,MAT-0112,468.935,6,20,585.4595205,A,321.4822917,-29180797.86,274542.4602,SINGAPORE-WAREHOUSE
317,MAT-0113,57.06375,2,15,586.689163,C,50.79583333,-557340.0376,33478.68372,SINGAPORE-WAREHOUSE
318,MAT-0114,54.365,7,40,1471.821038,A,29.67916667,-20657057.33,80015.55075,SINGAPORE-WAREHOUSE
319,MAT-0115,1.375,7,30,703.009388,C,24.0625,304490.9412,966.6379085,SINGAPORE-WAREHOUSE
320,MAT-0116,33.3345,5,25,642.9299618,C,338.0734375,2754969.955,21431.74881,SINGAPORE-WAREHOUSE
321,MAT-0118,15.125,2,15,1020.033058,C,3.78125,-404985.0,15428.0,SINGAPORE-WAREHOUSE
322,MAT-0121,63.62857143,8,20,2087.50625,B,111.86875,-16581472.19,132825.0405,SINGAPORE-WAREHOUSE
323,MAT-0122,28.53125,2,20,1165.611329,B,181.0744792,2890995.358,33256.34824,SINGAPORE-WAREHOUSE
324,MAT-0123,49.375,6,35,795.4963293,C,27.60729167,-7479650.093,39277.63126,SINGAPORE-WAREHOUSE
325,MAT-0126,9.625,4,15,964.0093273,C,15.77916667,-328546.4289,9278.589776,SINGAPORE-WAREHOUSE
326,MAT-0131,24.40625,5,5,571.7305487,C,46.0625,-217168.2756,13953.7987,SINGAPORE-WAREHOUSE
327,MAT-0133,24.75,6,20,1140.0,C,501.1875,8041275.0,28215.0,SINGAPORE-WAREHOUSE
328,MAT-0135,14.25,3,20,3051.678028,B,415.2515625,22735096.67,43486.4119,SINGAPORE-WAREHOUSE
329,MAT-0136,12.375,6,25,411.5493395,C,13.1484375,-628657.6923,5092.923077,SINGAPORE-WAREHOUSE
330,MAT-0137,332.2,8,15,1082.863694,A,497.1,-35092905.17,359727.3192,SINGAPORE-WAREHOUSE
331,MAT-0146,15.125,5,30,1010.004557,C,12.675,-1907393.605,15276.31892,SINGAPORE-WAREHOUSE
332,MAT-0150,357.0,6,35,1217.053585,C,43.74583333,-89379071.45,434488.1298,SINGAPORE-WAREHOUSE
333,MAT-0151,508.2118182,6,10,1056.953069,A,2572.274479,-5041628.404,537156.0408,SINGAPORE-WAREHOUSE
334,MAT-0153,3.4375,4,30,972.5818182,C,2.0625,-341011.5,3343.25,SINGAPORE-WAREHOUSE
335,MAT-0156,52.75045455,8,20,1098.142173,C,86.68645833,-7364518.688,57927.49876,SINGAPORE-WAREHOUSE
336,MAT-0162,25.4425,3,25,538.7608423,C,66.45833333,-132928.0136,13707.42273,SINGAPORE-WAREHOUSE
337,MAT-0163,39.9,2,25,1083.307959,C,23.76041667,-1517703.166,43223.98756,SINGAPORE-WAREHOUSE
338,MAT-0164,120.698,2,5,407.2781338,B,232.5854167,-17941.78969,49157.6562,SINGAPORE-WAREHOUSE
339,MAT-0165,124.175,5,10,702.5041862,B,394.61875,-1589459.628,87233.45732,SINGAPORE-WAREHOUSE
340,MAT-0167,6.416666667,8,10,1200.001584,C,8.59375,-512875.6772,7700.010167,SINGAPORE-WAREHOUSE
341,MAT-0168,1.38,8,20,990.0178932,C,9.109375,-38227.0659,1366.224693,SINGAPORE-WAREHOUSE
342,MAT-0171,80.33071429,6,5,553.7488673,C,253.8427083,-631665.7003,44483.04205,SINGAPORE-WAREHOUSE
343,MAT-0172,173.255,6,10,283.107275,C,418.0,-1759596.646,49049.75092,SINGAPORE-WAREHOUSE
344,MAT-0174,121.3725,5,10,531.2435239,B,47.99166667,-2968965.109,64478.35461,SINGAPORE-WAREHOUSE
345,MAT-0175,112.53375,5,20,570.0163154,B,67.45625,-5645584.092,64146.07354,SINGAPORE-WAREHOUSE
346,MAT-0177,1.375,4,10,292.4614334,C,5.9015625,1174.415444,402.1344709,SINGAPORE-WAREHOUSE
347,MAT-0178,146.8041667,11,20,1537.523862,A,212.28125,-43129530.28,225714.9092,SINGAPORE-WAREHOUSE
348,MAT-0180,2.75,4,5,1213.329196,C,58.55208333,288481.6552,3336.655289,SINGAPORE-WAREHOUSE
349,MAT-0182,3.75,2,10,2399.63504,C,18.38541667,261210.2726,8998.631401,SINGAPORE-WAREHOUSE
350,MAT-0183,6.87,6,35,1235.96306,C,2.053333333,-1694299.361,8491.06622,SINGAPORE-WAREHOUSE
351,MAT-0184,114.8875,8,30,1178.333611,B,266.5875,-23066322.32,135375.8028,SINGAPORE-WAREHOUSE
352,MAT-0185,14.25,12,30,1465.0,C,10.125,-7070456.25,20876.25,SINGAPORE-WAREHOUSE
353,MAT-0186,21.72,6,20,1327.074224,C,1118.364583,26224169.97,28824.05215,SINGAPORE-WAREHOUSE
354,MAT-0192,28.41666667,2,5,915.848212,C,43.3125,-61915.15517,26025.35336,SINGAPORE-WAREHOUSE
355,MAT-0197,8.966666667,9,40,1460.0,C,12.10833333,-4005753.333,13091.33333,SINGAPORE-WAREHOUSE
356,MAT-0207,64.35,4,15,518.4706231,C,106.8635417,-1170730.97,33363.58459,SINGAPORE-WAREHOUSE
357,MAT-0210,44.95192308,3,10,2182.621383,A,166.5708333,692219.7709,98113.02854,SINGAPORE-WAREHOUSE
358,MAT-0211,41.205,7,25,683.3365762,C,433.3541667,2475714.18,28156.88362,SINGAPORE-WAREHOUSE
359,MAT-0212,519.675,2,20,890.0006986,B,306.28125,-13048633.99,462511.113,SINGAPORE-WAREHOUSE
360,MAT-0217,100.9,6,50,1478.001481,C,101.1875,-37261341.1,149130.3495,SINGAPORE-WAREHOUSE
361,MAT-0218,85.48583333,4,30,478.3228011,C,68.54583333,-3923167.74,40889.82325,SINGAPORE-WAREHOUSE
362,MAT-0221,51.5,8,25,1126.297064,B,308.9828125,-2900698.895,58004.29878,SINGAPORE-WAREHOUSE
363,MAT-0222,48.58333333,8,30,524.9848485,C,28.703125,-5669262.161,25505.51389,SINGAPORE-WAREHOUSE
364,MAT-0223,1.02,6,25,1733.759006,C,0.4125,-247385.7382,1768.434186,SINGAPORE-WAREHOUSE
365,MAT-0224,22.72416667,5,20,497.7822702,C,163.6125,497699.3064,11311.68727,SINGAPORE-WAREHOUSE
366,MAT-0225,5.5,3,30,694.2889713,C,222.9791667,4300686.247,3818.589342,SINGAPORE-WAREHOUSE
367,MAT-0226,8.91,5,20,586.6684832,C,91.2375,547801.6962,5227.216185,SINGAPORE-WAREHOUSE
368,MAT-0227,49.5,6,25,646.6696971,C,115.4958333,-2934331.112,32010.15,SINGAPORE-WAREHOUSE
369,MAT-0228,70.73277778,7,10,1136.156456,B,104.8072917,-4434670.34,80363.50215,SINGAPORE-WAREHOUSE
370,MAT-0230,74.25,6,15,1090.002645,C,49.15,-6480338.225,80932.69639,SINGAPORE-WAREHOUSE
371,MAT-0231,82.5,7,25,489.9959596,C,30.9375,-6695335.417,40424.66667,SINGAPORE-WAREHOUSE
372,MAT-0232,1.375,8,30,980.3636364,C,0.34375,-313410.0,1348.0,SINGAPORE-WAREHOUSE
373,MAT-0233,91.34772727,12,50,1475.376121,A,275.7484375,-60521720.32,134772.2556,SINGAPORE-WAREHOUSE
374,MAT-0234,453.9366667,5,10,757.0352793,A,777.021875,-11299973.84,343646.0712,SINGAPORE-WAREHOUSE
375,MAT-0237,64.93833333,8,5,702.3103426,C,894.5109375,1316846.89,45606.86313,SINGAPORE-WAREHOUSE
376,MAT-0241,1.38,5,40,650.0864304,C,2.6546875,-110392.802,897.119274,SINGAPORE-WAREHOUSE
377,MAT-0242,40.29,2,20,572.0926641,C,21.29375,-678344.5741,23049.61344,SINGAPORE-WAREHOUSE
378,MAT-0243,88.99166667,4,30,463.2265988,C,371.3114583,213243.4696,41223.30707,SINGAPORE-WAREHOUSE
379,MAT-0244,255.755,2,25,535.0040744,C,306.625,-2740357.745,136829.967,SINGAPORE-WAREHOUSE
380,MAT-0246,22.0,4,20,490.0,C,7.483333333,-789063.3333,10780.0,SINGAPORE-WAREHOUSE
381,MAT-0247,205.26375,6,20,633.8490884,A,565.746875,-8440786.078,130106.2408,SINGAPORE-WAREHOUSE
382,MAT-0248,8.25,4,10,1060.016611,C,6.45,-281434.4103,8745.137043,SINGAPORE-WAREHOUSE
383,MAT-0250,105.9591667,2,20,314.0071988,C,115.625,-604735.9972,33271.94111,SINGAPORE-WAREHOUSE
384,MAT-0252,23.38,9,25,1025.001783,C,3.515625,-5301933.83,23964.54168,SINGAPORE-WAREHOUSE
385,MAT-0255,43.55,6,5,513.3387372,C,140.58125,-309848.0534,22355.90201,SINGAPORE-WAREHOUSE
386,MAT-0263,52.056,5,30,545.0269926,C,75.365625,-3023499.771,28371.92513,SINGAPORE-WAREHOUSE
387,MAT-0265,20.625,8,10,1000.0,C,5.15625,-1598437.5,20625.0,SINGAPORE-WAREHOUSE
388,MAT-0267,105.8821429,2,15,1136.926413,B,224.2291667,212574.7858,120380.2048,SINGAPORE-WAREHOUSE
389,MAT-0268,301.9795455,12,50,1509.227414,A,688.340625,-221510358.1,455755.8086,SINGAPORE-WAREHOUSE
390,MAT-0269,12.375,8,25,492.2266809,C,15.05104167,-1033047.928,6091.305176,SINGAPORE-WAREHOUSE
391,MAT-0271,45.378,7,25,703.0785335,C,194.8609375,-2158188.542,31904.29769,SINGAPORE-WAREHOUSE
392,MAT-0272,0.42,8,20,2133.939394,C,0.1729166667,-136020.8535,896.2545455,SINGAPORE-WAREHOUSE
393,MAT-0273,56.1445,8,30,496.9288871,C,183.0776042,-3966661.234,27899.8239,SINGAPORE-WAREHOUSE
394,MAT-0274,0.5,4,30,710.001998,C,58.83854167,1210664.344,355.000999,SINGAPORE-WAREHOUSE
395,MAT-0275,157.775,7,15,500.1380774,B,132.4729167,-7291653.694,78909.28516,SINGAPORE-WAREHOUSE
396,MAT-0292,22.0,3,5,710.0038048,C,106.9520833,145380.6749,15620.0837,SINGAPORE-WAREHOUSE
397,MAT-0293,22.5,5,25,1900000.0,A,5.625,-5076562500.0,42750000.0,SINGAPORE-WAREHOUSE
398,MAT-0295,49.5,6,25,625.3882871,C,205.1984375,-1435290.548,30956.72021,SINGAPORE-WAREHOUSE
399,MAT-0296,56.926,2,20,644.4470415,C,124.8541667,141806.2752,36685.79229,SINGAPORE-WAREHOUSE
400,MAT-0299,2.75,7,5,1020.0,C,0.6875,-94668.75,2805.0,SINGAPORE-WAREHOUSE
401,MAT-0301,18.8375,8,30,2290.028253,B,212.5864583,4251652.141,43138.40721,SINGAPORE-WAREHOUSE
402,MAT-0302,98.4825,4,20,1058.528328,A,173.9239583,-4657652.549,104246.5161,SINGAPORE-WAREHOUSE
403,MAT-0303,54.03269231,5,10,1760.778783,A,395.6604167,2209723.76,95139.61823,SINGAPORE-WAREHOUSE
404,MAT-0304,43.25,8,25,2105.293391,A,42.678125,-15964538.47,91053.93917,SINGAPORE-WAREHOUSE
405,MAT-0305,62.335,2,15,504.5914853,C,34.59479167,-681767.7474,31453.71024,SINGAPORE-WAREHOUSE
406,MAT-0306,19.94,9,30,1050.060606,C,2.0625,-5588343.791,20938.20848,SINGAPORE-WAREHOUSE
407,MAT-0307,166.6916667,10,50,1504.594272,A,907.9416667,-57097471.87,250803.3268,SINGAPORE-WAREHOUSE
408,MAT-0308,43.55333333,4,25,514.6177963,C,58.63177083,-1487008.225,22413.32042,SINGAPORE-WAREHOUSE
409,MAT-0309,38.415,5,15,557.5024312,C,214.6,188366.134,21416.4559,SINGAPORE-WAREHOUSE
410,MAT-0310,24.75,6,5,890.0000007,C,418.625,1202056.251,22027.50002,SINGAPORE-WAREHOUSE
411,MAT-0316,15.1,4,5,1055.0,C,7.55,-278783.75,15930.5,SINGAPORE-WAREHOUSE
412,MAT-0318,1.625,2,20,1000.0,C,0.6875,-51250.0,1625.0,SINGAPORE-WAREHOUSE
413,MAT-0319,10.85,8,5,1592.472602,C,6.78125,-637138.3351,17278.32773,SINGAPORE-WAREHOUSE
414,MAT-0320,60.10857143,4,25,481.7022287,C,108.8666667,-1584410.383,28954.43282,SINGAPORE-WAREHOUSE
415,MAT-0321,2.75,3,25,980.0,C,0.6875,-185281.25,2695.0,SINGAPORE-WAREHOUSE
416,MAT-0322,21.085,4,30,955.0207962,C,12.03125,-2071690.8,20136.61349,SINGAPORE-WAREHOUSE
417,MAT-0323,25.475,12,20,1528.898702,C,25.4875,-8568330.553,38948.69444,SINGAPORE-WAREHOUSE
418,MAT-0327,58.91916667,8,15,658.4658103,B,253.3895833,-2152825.159,38796.25682,SINGAPORE-WAREHOUSE
419,MAT-0334,24.75,4,15,540.040404,C,12.375,-701715.0,13366.0,SINGAPORE-WAREHOUSE
420,MAT-0335,1243.3875,8,5,742.3101892,A,1382.95625,-31786255.83,922979.2103,SINGAPORE-WAREHOUSE
421,MAT-0336,86.425,8,30,559.1506821,A,150.1,-9080047.927,48324.5977,SINGAPORE-WAREHOUSE
422,MAT-0338,39.07916667,6,40,1471.54299,A,94.09114583,-8263235.059,57506.67375,SINGAPORE-WAREHOUSE
423,MAT-0339,15.725,7,50,1498.571429,C,26.925,-6230310.714,23565.03571,SINGAPORE-WAREHOUSE
424,MAT-0340,486.5975,3,25,1094.943509,A,1255.607292,-5589281.713,532796.7741,SINGAPORE-WAREHOUSE
425,MAT-0344,51.5625,4,30,1627.705545,B,144.665625,-3007236.861,83928.56719,SINGAPORE-WAREHOUSE
426,MAT-0345,32.94318182,6,5,1273.696803,B,319.53125,776140.8972,41959.62537,SINGAPORE-WAREHOUSE
427,MAT-0346,177.3638889,6,10,1744.784026,A,145.0625,-16036673.48,309461.6801,SINGAPORE-WAREHOUSE
428,MAT-0349,54.47,8,25,1003.633904,C,77.29375,-8994222.046,54667.93874,SINGAPORE-WAREHOUSE
429,MAT-0354,421.3755556,7,25,503.3382257,A,674.06875,-28634410.07,212094.4245,SINGAPORE-WAREHOUSE
430,MAT-0355,8.1125,7,25,2397.966735,C,196.6598958,8385233.809,19453.50514,SINGAPORE-WAREHOUSE
431,MAT-0356,38.43222222,7,15,636.6880507,C,65.73802083,-1941461.163,24469.33665,SINGAPORE-WAREHOUSE
432,MAT-0357,0.9792857143,5,30,199.2552365,C,9.461458333,27288.18254,195.1278066,SINGAPORE-WAREHOUSE
433,MAT-0359,51.33333333,7,20,524.6156505,C,23.62447917,-3522362.378,26930.27006,SINGAPORE-WAREHOUSE
434,MAT-0360,0.13,11,25,1137.096774,C,0.031,-39769.95968,147.8225806,SINGAPORE-WAREHOUSE
435,MAT-0361,42.0,11,50,1475.0,C,18.375,-32717343.75,61950.0,SINGAPORE-WAREHOUSE
436,MAT-0363,151.23625,7,5,555.0031107,C,243.6208333,-2261729.02,83936.5892,SINGAPORE-WAREHOUSE
437,MAT-0364,12.375,7,5,2215.018484,C,19.765625,-740473.7572,27410.85374,SINGAPORE-WAREHOUSE
438,MAT-0365,4.5,5,15,1233.86702,C,26.0875,66397.46902,5552.401591,SINGAPORE-WAREHOUSE
439,MAT-0366,68.125,8,25,2110.78364,A,153.0729167,-20681831.89,143797.1355,SINGAPORE-WAREHOUSE
440,MAT-0367,46.803125,4,20,571.6866926,C,76.30833333,-1268048.725,26756.72374,SINGAPORE-WAREHOUSE
441,MAT-0371,40.0,6,30,2110.774366,C,452.6875,13468059.69,84430.97464,SINGAPORE-WAREHOUSE
442,MAT-0372,92.8125,8,10,651.3069254,C,132.4354167,-3973392.881,60449.42402,SINGAPORE-WAREHOUSE
443,MAT-0373,18.135,7,5,1266.474203,C,11.78020833,-729266.1887,22967.50967,SINGAPORE-WAREHOUSE
444,MAT-0374,86.625,3,25,2156.429066,A,225.6890625,-1842988.732,186800.6678,SINGAPORE-WAREHOUSE
445,MAT-0376,241.51,9,30,1465.555696,A,346.29375,-80340132.83,353946.3562,SINGAPORE-WAREHOUSE
446,MAT-0381,302.673125,6,25,1072.313886,A,1424.638021,-10492610.93,324560.595,SINGAPORE-WAREHOUSE
447,MAT-0385,6.875,8,5,604.6400922,C,11.2453125,-132279.1914,4156.900634,SINGAPORE-WAREHOUSE
448,MAT-0386,16.5,2,10,570.7816997,C,20.059375,-73862.71933,9417.898045,SINGAPORE-WAREHOUSE
449,MAT-0390,152.3622222,7,30,581.5837153,B,190.13125,-15291074.16,88611.38726,SINGAPORE-WAREHOUSE
450,MAT-0392,48.58333333,2,20,556.6666667,C,36.4375,-676118.0556,27044.72222,SINGAPORE-WAREHOUSE
451,MAT-0393,1.375,5,25,1715.003367,C,11.80208333,211249.1127,2358.12963,SINGAPORE-WAREHOUSE
452,MAT-0394,246.13,4,10,1219.999747,C,41.67708333,-11502681.2,300278.5378,SINGAPORE-WAREHOUSE
453,MAT-0395,76.96666667,7,25,1146.921191,B,290.5989583,-7115720.09,88274.701,SINGAPORE-WAREHOUSE
454,MAT-0396,9.775,2,30,1273.444808,C,25.62604167,232125.1114,12447.923,SINGAPORE-WAREHOUSE
455,MAT-0397,0.8,9,20,1508.461739,C,191.2161458,5551626.308,1206.769391,SINGAPORE-WAREHOUSE
456,MAT-0398,61.21,3,25,150.1194284,C,36.9775,-550384.737,9188.810215,SINGAPORE-WAREHOUSE
457,MAT-0403,103.5,9,40,25544.94182,A,19.55364583,-931824662.2,2643901.478,SINGAPORE-WAREHOUSE
458,MAT-0404,127.6278571,4,15,518.3666008,B,129.0,-2966441.736,66158.01848,SINGAPORE-WAREHOUSE
459,MAT-0405,12.375,8,15,549.979798,C,3.09375,-791197.5,6806.0,SINGAPORE-WAREHOUSE
460,MAT-0406,11.725,7,20,610.0134953,C,21.790625,-735485.6461,7152.408232,SINGAPORE-WAREHOUSE
461,MAT-0408,15.125,4,20,580.01,C,15.58333333,-521042.3167,8772.65125,SINGAPORE-WAREHOUSE
462,MAT-0410,248.8625,3,15,534.5473213,C,406.8135417,-2724378.889,133028.7827,SINGAPORE-WAREHOUSE
463,MAT-0411,24.75,3,20,661.6702648,C,63.36458333,-144051.1306,16376.33905,SINGAPORE-WAREHOUSE
464,MAT-0413,282.8695833,7,20,714.6222722,A,722.790625,-17969841.04,202144.9044,SINGAPORE-WAREHOUSE
465,MAT-0415,129.24,8,15,1100.003615,A,294.2963542,-12203830.27,142164.4673,SINGAPORE-WAREHOUSE
466,MAT-0416,268.225,4,10,1049.238382,A,492.1260417,-6093703.285,281431.9651,SINGAPORE-WAREHOUSE
467,MAT-0419,270.1625,3,15,2143.102275,B,221.4036458,-18937004.22,578985.8683,SINGAPORE-WAREHOUSE
468,MAT-0420,2.75,5,15,524.312007,C,3.05625,-84102.92287,1441.858019,SINGAPORE-WAREHOUSE
469,MAT-0421,488.3166667,8,15,592.5015708,A,215.565625,-32803562.48,289328.3921,SINGAPORE-WAREHOUSE
470,MAT-0423,58.892,8,5,477.6975704,C,87.3359375,-916701.7869,28132.56532,SINGAPORE-WAREHOUSE
471,MAT-0424,228.9375,7,30,1501.672734,C,233.9833333,-61654740.57,343789.2016,SINGAPORE-WAREHOUSE
472,MAT-0426,803.25,5,40,1502.5,A,605.625,-204978562.5,1206883.125,SINGAPORE-WAREHOUSE
473,MAT-0427,15.0,6,45,1530.0,C,3.75,-5938312.5,22950.0,SINGAPORE-WAREHOUSE
474,MAT-0428,395.6575,2,25,1043.333981,A,661.6359375,-3382464.315,412802.9148,SINGAPORE-WAREHOUSE
