PLANT_NAME,MATERIAL_NAME,Forecast_Month,Predicted_Inventory_KT
CHINA-WAREHOUSE,MAT-0001,2025-01-31,0.7674897680567444
CHINA-WAREHOUSE,MAT-0001,2025-02-28,0.913005956206057
CHINA-WAREHOUSE,MAT-0001,2025-03-31,1.0746941828674077
CHINA-WAREHOUSE,MAT-0002,2025-01-31,0.014845535860399068
CHINA-WAREHOUSE,MAT-0002,2025-02-28,0.016759774950445686
CHINA-WAREHOUSE,MAT-0002,2025-03-31,0.03499571411451762
CHINA-WAREHOUSE,MAT-0003,2025-01-31,0.11208137997479613
CHINA-WAREHOUSE,MAT-0003,2025-02-28,0.11208137997479613
CHINA-WAREHOUSE,MAT-0003,2025-03-31,0.11208137997479613
CHINA-WAREHOUSE,MAT-0004,2025-01-31,0.0648850200739897
CHINA-WAREHOUSE,MAT-0004,2025-02-28,0.0648850200739897
CHINA-WAREHOUSE,MAT-0004,2025-03-31,0.0648850200739897
CHINA-WAREHOUSE,MAT-0006,2025-01-31,0.014845535860399068
CHINA-WAREHOUSE,MAT-0006,2025-02-28,0.016759774950445686
CHINA-WAREHOUSE,MAT-0006,2025-03-31,0.03499571411451762
CHINA-WAREHOUSE,MAT-0007,2025-01-31,0.2052465910525212
CHINA-WAREHOUSE,MAT-0007,2025-02-28,0.2501547404191837
CHINA-WAREHOUSE,MAT-0007,2025-03-31,0.2726616756412389
CHINA-WAREHOUSE,MAT-0008,2025-01-31,0.014845535860399068
CHINA-WAREHOUSE,MAT-0008,2025-02-28,0.016759774950445686
CHINA-WAREHOUSE,MAT-0008,2025-03-31,0.03499571411451762
CHINA-WAREHOUSE,MAT-0009,2025-01-31,0.3071373128294868
CHINA-WAREHOUSE,MAT-0009,2025-02-28,0.3071373128294868
CHINA-WAREHOUSE,MAT-0009,2025-03-31,0.3071373128294868
CHINA-WAREHOUSE,MAT-0010,2025-01-31,0.014845535860399068
CHINA-WAREHOUSE,MAT-0010,2025-02-28,0.016759774950445686
CHINA-WAREHOUSE,MAT-0010,2025-03-31,0.03499571411451762
CHINA-WAREHOUSE,MAT-0011,2025-01-31,0.1797537321787091
CHINA-WAREHOUSE,MAT-0011,2025-02-28,0.15212240547678457
CHINA-WAREHOUSE,MAT-0011,2025-03-31,0.13823171544959253
CHINA-WAREHOUSE,MAT-0012,2025-01-31,0.014845535860399068
CHINA-WAREHOUSE,MAT-0012,2025-02-28,0.016759774950445686
CHINA-WAREHOUSE,MAT-0012,2025-03-31,0.03499571411451762
CHINA-WAREHOUSE,MAT-0013,2025-01-31,0.19609700590384482
CHINA-WAREHOUSE,MAT-0013,2025-02-28,0.2210482163917197
CHINA-WAREHOUSE,MAT-0013,2025-03-31,0.24867954309364368
CHINA-WAREHOUSE,MAT-0014,2025-01-31,0.014845535860399068
CHINA-WAREHOUSE,MAT-0014,2025-02-28,0.016759774950445686
CHINA-WAREHOUSE,MAT-0014,2025-03-31,0.03499571411451762
CHINA-WAREHOUSE,MAT-0015,2025-01-31,0.6007831758941263
CHINA-WAREHOUSE,MAT-0015,2025-02-28,0.38633022534958056
CHINA-WAREHOUSE,MAT-0015,2025-03-31,0.32424864164624306
CHINA-WAREHOUSE,MAT-0016,2025-01-31,0.014845535860399068
CHINA-WAREHOUSE,MAT-0016,2025-02-28,0.016759774950445686
CHINA-WAREHOUSE,MAT-0016,2025-03-31,0.03499571411451762
CHINA-WAREHOUSE,MAT-0017,2025-01-31,0.7963216712716242
CHINA-WAREHOUSE,MAT-0017,2025-02-28,0.734404468893174
CHINA-WAREHOUSE,MAT-0017,2025-03-31,0.7289866989152618
CHINA-WAREHOUSE,MAT-0018,2025-01-31,0.10614486521051378
CHINA-WAREHOUSE,MAT-0018,2025-02-28,0.11771299231444989
CHINA-WAREHOUSE,MAT-0018,2025-03-31,0.11771299231444989
CHINA-WAREHOUSE,MAT-0019,2025-01-31,0.1797537321787091
CHINA-WAREHOUSE,MAT-0019,2025-02-28,0.15212240547678457
CHINA-WAREHOUSE,MAT-0019,2025-03-31,0.13823171544959253
CHINA-WAREHOUSE,MAT-0020,2025-01-31,0.20464842113875772
CHINA-WAREHOUSE,MAT-0020,2025-02-28,0.25377577197861567
CHINA-WAREHOUSE,MAT-0020,2025-03-31,0.27628270720067094
CHINA-WAREHOUSE,MAT-0027,2025-01-31,0.10196643646510929
CHINA-WAREHOUSE,MAT-0027,2025-02-28,0.11208137997479613
CHINA-WAREHOUSE,MAT-0027,2025-03-31,0.11208137997479613
CHINA-WAREHOUSE,MAT-0032,2025-01-31,0.14900097623058423
CHINA-WAREHOUSE,MAT-0032,2025-02-28,0.17599580077449264
CHINA-WAREHOUSE,MAT-0032,2025-03-31,0.20601799237917287
CHINA-WAREHOUSE,MAT-0035,2025-01-31,0.464353413956209
CHINA-WAREHOUSE,MAT-0035,2025-02-28,0.373089889421156
CHINA-WAREHOUSE,MAT-0035,2025-03-31,0.3126148682382262
CHINA-WAREHOUSE,MAT-0036,2025-01-31,0.025402933548044952
CHINA-WAREHOUSE,MAT-0036,2025-02-28,0.04723424925595079
CHINA-WAREHOUSE,MAT-0036,2025-03-31,0.053389158272794876
CHINA-WAREHOUSE,MAT-0037,2025-01-31,0.045173532052357725
CHINA-WAREHOUSE,MAT-0037,2025-02-28,0.03667685156830493
CHINA-WAREHOUSE,MAT-0037,2025-03-31,0.03667685156830493
CHINA-WAREHOUSE,MAT-0038,2025-01-31,0.17543020287328737
CHINA-WAREHOUSE,MAT-0038,2025-02-28,0.19593542827012836
CHINA-WAREHOUSE,MAT-0038,2025-03-31,0.19593542827012836
CHINA-WAREHOUSE,MAT-0040,2025-01-31,0.0648850200739897
CHINA-WAREHOUSE,MAT-0040,2025-02-28,0.0648850200739897
CHINA-WAREHOUSE,MAT-0040,2025-03-31,0.0648850200739897
CHINA-WAREHOUSE,MAT-0042,2025-01-31,0.10196643646510929
CHINA-WAREHOUSE,MAT-0042,2025-02-28,0.11208137997479613
CHINA-WAREHOUSE,MAT-0042,2025-03-31,0.11208137997479613
CHINA-WAREHOUSE,MAT-0045,2025-01-31,0.014845535860399068
CHINA-WAREHOUSE,MAT-0045,2025-02-28,0.016759774950445686
CHINA-WAREHOUSE,MAT-0045,2025-03-31,0.03499571411451762
CHINA-WAREHOUSE,MAT-0046,2025-01-31,0.7283802277261907
CHINA-WAREHOUSE,MAT-0046,2025-02-28,0.6569031044640606
CHINA-WAREHOUSE,MAT-0046,2025-03-31,0.5146630269842575
CHINA-WAREHOUSE,MAT-0047,2025-01-31,0.48375771844610266
CHINA-WAREHOUSE,MAT-0047,2025-02-28,0.4427722568105489
CHINA-WAREHOUSE,MAT-0047,2025-03-31,0.39861692338104726
CHINA-WAREHOUSE,MAT-0048,2025-01-31,0.014845535860399068
CHINA-WAREHOUSE,MAT-0048,2025-02-28,0.016759774950445686
CHINA-WAREHOUSE,MAT-0048,2025-03-31,0.03499571411451762
CHINA-WAREHOUSE,MAT-0049,2025-01-31,0.15204290726920447
CHINA-WAREHOUSE,MAT-0049,2025-02-28,0.1378390866222631
CHINA-WAREHOUSE,MAT-0049,2025-03-31,0.14391639803711656
CHINA-WAREHOUSE,MAT-0050,2025-01-31,0.03457331176909599
CHINA-WAREHOUSE,MAT-0050,2025-02-28,0.056404627477001826
CHINA-WAREHOUSE,MAT-0050,2025-03-31,0.07968701063469454
CHINA-WAREHOUSE,MAT-0052,2025-01-31,0.13823171544959253
CHINA-WAREHOUSE,MAT-0052,2025-02-28,0.12911440747641173
CHINA-WAREHOUSE,MAT-0052,2025-03-31,0.125833079212786
CHINA-WAREHOUSE,MAT-0053,2025-01-31,0.1862418522888048
CHINA-WAREHOUSE,MAT-0053,2025-02-28,0.15419908550669859
CHINA-WAREHOUSE,MAT-0053,2025-03-31,0.14030839547950655
CHINA-WAREHOUSE,MAT-0054,2025-01-31,0.03667685156830493
CHINA-WAREHOUSE,MAT-0054,2025-02-28,0.03667685156830493
CHINA-WAREHOUSE,MAT-0054,2025-03-31,0.03667685156830493
CHINA-WAREHOUSE,MAT-0055,2025-01-31,0.21028003347841154
CHINA-WAREHOUSE,MAT-0055,2025-02-28,0.25617898158616703
CHINA-WAREHOUSE,MAT-0055,2025-03-31,0.2809497067530566
CHINA-WAREHOUSE,MAT-0056,2025-01-31,1.0525222191586145
CHINA-WAREHOUSE,MAT-0056,2025-02-28,0.8337592477821019
CHINA-WAREHOUSE,MAT-0056,2025-03-31,0.734404468893174
CHINA-WAREHOUSE,MAT-0057,2025-01-31,0.014845535860399068
CHINA-WAREHOUSE,MAT-0057,2025-02-28,0.016759774950445686
CHINA-WAREHOUSE,MAT-0057,2025-03-31,0.03499571411451762
CHINA-WAREHOUSE,MAT-0058,2025-01-31,0.014845535860399068
CHINA-WAREHOUSE,MAT-0058,2025-02-28,0.016759774950445686
CHINA-WAREHOUSE,MAT-0058,2025-03-31,0.03499571411451762
CHINA-WAREHOUSE,MAT-0059,2025-01-31,0.014845535860399068
CHINA-WAREHOUSE,MAT-0059,2025-02-28,0.016759774950445686
CHINA-WAREHOUSE,MAT-0059,2025-03-31,0.03499571411451762
CHINA-WAREHOUSE,MAT-0060,2025-01-31,0.0648850200739897
CHINA-WAREHOUSE,MAT-0060,2025-02-28,0.0648850200739897
CHINA-WAREHOUSE,MAT-0060,2025-03-31,0.0648850200739897
CHINA-WAREHOUSE,MAT-0064,2025-01-31,0.014845535860399068
CHINA-WAREHOUSE,MAT-0064,2025-02-28,0.016759774950445686
CHINA-WAREHOUSE,MAT-0064,2025-03-31,0.03499571411451762
CHINA-WAREHOUSE,MAT-0065,2025-01-31,0.3612054502823715
CHINA-WAREHOUSE,MAT-0065,2025-02-28,0.3102116586306749
CHINA-WAREHOUSE,MAT-0065,2025-03-31,0.2544785087885169
CHINA-WAREHOUSE,MAT-0066,2025-01-31,0.039921499462509696
CHINA-WAREHOUSE,MAT-0066,2025-02-28,0.041602636916297
CHINA-WAREHOUSE,MAT-0066,2025-03-31,0.041602636916297
CHINA-WAREHOUSE,MAT-0067,2025-01-31,0.03667685156830493
CHINA-WAREHOUSE,MAT-0067,2025-02-28,0.03667685156830493
CHINA-WAREHOUSE,MAT-0067,2025-03-31,0.03667685156830493
CHINA-WAREHOUSE,MAT-0068,2025-01-31,0.03499571411451762
CHINA-WAREHOUSE,MAT-0068,2025-02-28,0.03667685156830493
CHINA-WAREHOUSE,MAT-0068,2025-03-31,0.03667685156830493
CHINA-WAREHOUSE,MAT-0069,2025-01-31,0.047026564910659714
CHINA-WAREHOUSE,MAT-0069,2025-02-28,0.0722283959388586
CHINA-WAREHOUSE,MAT-0069,2025-03-31,0.0919398839604906
CHINA-WAREHOUSE,MAT-0070,2025-01-31,0.03499571411451762
CHINA-WAREHOUSE,MAT-0070,2025-02-28,0.03667685156830493
CHINA-WAREHOUSE,MAT-0070,2025-03-31,0.03667685156830493
CHINA-WAREHOUSE,MAT-0071,2025-01-31,0.11885897311622161
CHINA-WAREHOUSE,MAT-0071,2025-02-28,0.11208137997479613
CHINA-WAREHOUSE,MAT-0071,2025-03-31,0.11208137997479613
CHINA-WAREHOUSE,MAT-0078,2025-01-31,0.014845535860399068
CHINA-WAREHOUSE,MAT-0078,2025-02-28,0.016759774950445686
CHINA-WAREHOUSE,MAT-0078,2025-03-31,0.03499571411451762
CHINA-WAREHOUSE,MAT-0082,2025-01-31,0.77299512528701
CHINA-WAREHOUSE,MAT-0082,2025-02-28,0.685726880802179
CHINA-WAREHOUSE,MAT-0082,2025-03-31,0.48375771844610266
CHINA-WAREHOUSE,MAT-0084,2025-01-31,0.292064203127953
CHINA-WAREHOUSE,MAT-0084,2025-02-28,0.15849975507262043
CHINA-WAREHOUSE,MAT-0084,2025-03-31,0.17620729199868052
CHINA-WAREHOUSE,MAT-0085,2025-01-31,0.7367298784268922
CHINA-WAREHOUSE,MAT-0085,2025-02-28,0.73131210844898
CHINA-WAREHOUSE,MAT-0085,2025-03-31,0.73131210844898
CHINA-WAREHOUSE,MAT-0086,2025-01-31,0.10196643646510929
CHINA-WAREHOUSE,MAT-0086,2025-02-28,0.11208137997479613
CHINA-WAREHOUSE,MAT-0086,2025-03-31,0.11208137997479613
CHINA-WAREHOUSE,MAT-0087,2025-01-31,0.3715887884549707
CHINA-WAREHOUSE,MAT-0087,2025-02-28,0.4225515511148112
CHINA-WAREHOUSE,MAT-0087,2025-03-31,0.45072227964255746
CHINA-WAREHOUSE,MAT-0091,2025-01-31,0.0648850200739897
CHINA-WAREHOUSE,MAT-0091,2025-02-28,0.0648850200739897
CHINA-WAREHOUSE,MAT-0091,2025-03-31,0.0648850200739897
CHINA-WAREHOUSE,MAT-0092,2025-01-31,0.2544785087885169
CHINA-WAREHOUSE,MAT-0092,2025-02-28,0.20405391609147147
CHINA-WAREHOUSE,MAT-0092,2025-03-31,0.1797537321787091
CHINA-WAREHOUSE,MAT-0094,2025-01-31,0.014845535860399068
CHINA-WAREHOUSE,MAT-0094,2025-02-28,0.016759774950445686
CHINA-WAREHOUSE,MAT-0094,2025-03-31,0.03499571411451762
CHINA-WAREHOUSE,MAT-0095,2025-01-31,0.014845535860399068
CHINA-WAREHOUSE,MAT-0095,2025-02-28,0.016759774950445686
CHINA-WAREHOUSE,MAT-0095,2025-03-31,0.03499571411451762
CHINA-WAREHOUSE,MAT-0096,2025-01-31,0.1279097592427
CHINA-WAREHOUSE,MAT-0096,2025-02-28,0.1279097592427
CHINA-WAREHOUSE,MAT-0096,2025-03-31,0.1279097592427
CHINA-WAREHOUSE,MAT-0097,2025-01-31,0.1075980488047631
CHINA-WAREHOUSE,MAT-0097,2025-02-28,0.11771299231444989
CHINA-WAREHOUSE,MAT-0097,2025-03-31,0.11771299231444989
CHINA-WAREHOUSE,MAT-0098,2025-01-31,0.2565551888184309
CHINA-WAREHOUSE,MAT-0098,2025-02-28,0.20839438606621985
CHINA-WAREHOUSE,MAT-0098,2025-03-31,0.18183041220862312
CHINA-WAREHOUSE,MAT-0099,2025-01-31,0.6842914057359623
CHINA-WAREHOUSE,MAT-0099,2025-02-28,0.48375771844610266
CHINA-WAREHOUSE,MAT-0099,2025-03-31,0.4418956348509819
CHINA-WAREHOUSE,MAT-0100,2025-01-31,0.014845535860399068
CHINA-WAREHOUSE,MAT-0100,2025-02-28,0.016759774950445686
CHINA-WAREHOUSE,MAT-0100,2025-03-31,0.03499571411451762
CHINA-WAREHOUSE,MAT-0101,2025-01-31,0.0648850200739897
CHINA-WAREHOUSE,MAT-0101,2025-02-28,0.0648850200739897
CHINA-WAREHOUSE,MAT-0101,2025-03-31,0.0648850200739897
CHINA-WAREHOUSE,MAT-0102,2025-01-31,0.0648850200739897
CHINA-WAREHOUSE,MAT-0102,2025-02-28,0.0648850200739897
CHINA-WAREHOUSE,MAT-0102,2025-03-31,0.0648850200739897
CHINA-WAREHOUSE,MAT-0103,2025-01-31,0.014845535860399068
CHINA-WAREHOUSE,MAT-0103,2025-02-28,0.016759774950445686
CHINA-WAREHOUSE,MAT-0103,2025-03-31,0.03499571411451762
CHINA-WAREHOUSE,MAT-0104,2025-01-31,0.014845535860399068
CHINA-WAREHOUSE,MAT-0104,2025-02-28,0.016759774950445686
CHINA-WAREHOUSE,MAT-0104,2025-03-31,0.03499571411451762
CHINA-WAREHOUSE,MAT-0105,2025-01-31,0.014845535860399068
CHINA-WAREHOUSE,MAT-0105,2025-02-28,0.016759774950445686
CHINA-WAREHOUSE,MAT-0105,2025-03-31,0.03499571411451762
CHINA-WAREHOUSE,MAT-0106,2025-01-31,0.08578491601340775
CHINA-WAREHOUSE,MAT-0106,2025-02-28,0.10051325287085996
CHINA-WAREHOUSE,MAT-0106,2025-03-31,0.10196643646510929
CHINA-WAREHOUSE,MAT-0107,2025-01-31,0.03667685156830493
CHINA-WAREHOUSE,MAT-0107,2025-02-28,0.03667685156830493
CHINA-WAREHOUSE,MAT-0107,2025-03-31,0.03667685156830493
CHINA-WAREHOUSE,MAT-0108,2025-01-31,0.15775401781643839
CHINA-WAREHOUSE,MAT-0108,2025-02-28,0.14386332778924635
CHINA-WAREHOUSE,MAT-0108,2025-03-31,0.14287252904815345
CHINA-WAREHOUSE,MAT-0111,2025-01-31,0.07051663241364349
CHINA-WAREHOUSE,MAT-0111,2025-02-28,0.07051663241364349
CHINA-WAREHOUSE,MAT-0111,2025-03-31,0.07051663241364349
CHINA-WAREHOUSE,MAT-0112,2025-01-31,0.17480560302770567
CHINA-WAREHOUSE,MAT-0112,2025-02-28,0.14778448766840915
CHINA-WAREHOUSE,MAT-0112,2025-03-31,0.13290299890012422
CHINA-WAREHOUSE,MAT-0113,2025-01-31,0.014845535860399068
CHINA-WAREHOUSE,MAT-0113,2025-02-28,0.016759774950445686
CHINA-WAREHOUSE,MAT-0113,2025-03-31,0.03499571411451762
CHINA-WAREHOUSE,MAT-0114,2025-01-31,0.03667685156830493
CHINA-WAREHOUSE,MAT-0114,2025-02-28,0.03667685156830493
CHINA-WAREHOUSE,MAT-0114,2025-03-31,0.03667685156830493
CHINA-WAREHOUSE,MAT-0115,2025-01-31,0.016759774950445686
CHINA-WAREHOUSE,MAT-0115,2025-02-28,0.03499571411451762
CHINA-WAREHOUSE,MAT-0115,2025-03-31,0.03667685156830493
CHINA-WAREHOUSE,MAT-0116,2025-01-31,0.18416517225889079
CHINA-WAREHOUSE,MAT-0116,2025-02-28,0.15212240547678457
CHINA-WAREHOUSE,MAT-0116,2025-03-31,0.13823171544959253
CHINA-WAREHOUSE,MAT-0117,2025-01-31,0.014845535860399068
CHINA-WAREHOUSE,MAT-0117,2025-02-28,0.016759774950445686
CHINA-WAREHOUSE,MAT-0117,2025-03-31,0.03499571411451762
CHINA-WAREHOUSE,MAT-0118,2025-01-31,0.609593131702352
CHINA-WAREHOUSE,MAT-0118,2025-02-28,0.609593131702352
CHINA-WAREHOUSE,MAT-0118,2025-03-31,0.609593131702352
CHINA-WAREHOUSE,MAT-0119,2025-01-31,0.014845535860399068
CHINA-WAREHOUSE,MAT-0119,2025-02-28,0.016759774950445686
CHINA-WAREHOUSE,MAT-0119,2025-03-31,0.03499571411451762
CHINA-WAREHOUSE,MAT-0120,2025-01-31,0.643422765945025
CHINA-WAREHOUSE,MAT-0120,2025-02-28,0.9504217331233368
CHINA-WAREHOUSE,MAT-0120,2025-03-31,1.2234768471853474
CHINA-WAREHOUSE,MAT-0128,2025-01-31,0.014845535860399068
CHINA-WAREHOUSE,MAT-0128,2025-02-28,0.016759774950445686
CHINA-WAREHOUSE,MAT-0128,2025-03-31,0.03499571411451762
CHINA-WAREHOUSE,MAT-0137,2025-01-31,0.5206872681512408
CHINA-WAREHOUSE,MAT-0137,2025-02-28,0.45368853074543414
CHINA-WAREHOUSE,MAT-0137,2025-03-31,0.373089889421156
CHINA-WAREHOUSE,MAT-0138,2025-01-31,0.03667685156830493
CHINA-WAREHOUSE,MAT-0138,2025-02-28,0.03667685156830493
CHINA-WAREHOUSE,MAT-0138,2025-03-31,0.03667685156830493
CHINA-WAREHOUSE,MAT-0141,2025-01-31,0.10614486521051378
CHINA-WAREHOUSE,MAT-0141,2025-02-28,0.11771299231444989
CHINA-WAREHOUSE,MAT-0141,2025-03-31,0.11771299231444989
CHINA-WAREHOUSE,MAT-0142,2025-01-31,0.518701623331196
CHINA-WAREHOUSE,MAT-0142,2025-02-28,0.5996386067045282
CHINA-WAREHOUSE,MAT-0142,2025-03-31,0.6598470395479147
CHINA-WAREHOUSE,MAT-0143,2025-01-31,0.748406472245451
CHINA-WAREHOUSE,MAT-0143,2025-02-28,0.6961723167787756
CHINA-WAREHOUSE,MAT-0143,2025-03-31,0.5404521338622356
CHINA-WAREHOUSE,MAT-0144,2025-01-31,1.9409228291875236
CHINA-WAREHOUSE,MAT-0144,2025-02-28,1.46573666959835
CHINA-WAREHOUSE,MAT-0144,2025-03-31,0.9913514692444666
CHINA-WAREHOUSE,MAT-0145,2025-01-31,2.7661179468914825
CHINA-WAREHOUSE,MAT-0145,2025-02-28,2.6661234338464928
CHINA-WAREHOUSE,MAT-0145,2025-03-31,2.697406158278108
CHINA-WAREHOUSE,MAT-0146,2025-01-31,0.24882013008761783
CHINA-WAREHOUSE,MAT-0146,2025-02-28,0.37713574732002586
CHINA-WAREHOUSE,MAT-0146,2025-03-31,0.42545247614206644
CHINA-WAREHOUSE,MAT-0147,2025-01-31,0.02184800123830516
CHINA-WAREHOUSE,MAT-0147,2025-02-28,0.0419981794924237
CHINA-WAREHOUSE,MAT-0147,2025-03-31,0.043679316946211
CHINA-WAREHOUSE,MAT-0148,2025-01-31,0.014845535860399068
CHINA-WAREHOUSE,MAT-0148,2025-02-28,0.016759774950445686
CHINA-WAREHOUSE,MAT-0148,2025-03-31,0.03499571411451762
CHINA-WAREHOUSE,MAT-0149,2025-01-31,0.02184800123830516
CHINA-WAREHOUSE,MAT-0149,2025-02-28,0.0419981794924237
CHINA-WAREHOUSE,MAT-0149,2025-03-31,0.043679316946211
CHINA-WAREHOUSE,MAT-0150,2025-01-31,0.041602636916297
CHINA-WAREHOUSE,MAT-0150,2025-02-28,0.041602636916297
CHINA-WAREHOUSE,MAT-0150,2025-03-31,0.041602636916297
CHINA-WAREHOUSE,MAT-0151,2025-01-31,0.3529819372124745
CHINA-WAREHOUSE,MAT-0151,2025-02-28,0.3102116586306749
CHINA-WAREHOUSE,MAT-0151,2025-03-31,0.2544785087885169
CHINA-WAREHOUSE,MAT-0152,2025-01-31,0.03667685156830493
CHINA-WAREHOUSE,MAT-0152,2025-02-28,0.03667685156830493
CHINA-WAREHOUSE,MAT-0152,2025-03-31,0.03667685156830493
CHINA-WAREHOUSE,MAT-0153,2025-01-31,0.014845535860399068
CHINA-WAREHOUSE,MAT-0153,2025-02-28,0.016759774950445686
CHINA-WAREHOUSE,MAT-0153,2025-03-31,0.03499571411451762
CHINA-WAREHOUSE,MAT-0154,2025-01-31,0.1075980488047631
CHINA-WAREHOUSE,MAT-0154,2025-02-28,0.11771299231444989
CHINA-WAREHOUSE,MAT-0154,2025-03-31,0.11771299231444989
CHINA-WAREHOUSE,MAT-0155,2025-01-31,0.014845535860399068
CHINA-WAREHOUSE,MAT-0155,2025-02-28,0.016759774950445686
CHINA-WAREHOUSE,MAT-0155,2025-03-31,0.03499571411451762
CHINA-WAREHOUSE,MAT-0156,2025-01-31,0.43018325803645896
CHINA-WAREHOUSE,MAT-0156,2025-02-28,0.3289109613939154
CHINA-WAREHOUSE,MAT-0156,2025-03-31,0.294048671319707
CHINA-WAREHOUSE,MAT-0157,2025-01-31,0.014845535860399068
CHINA-WAREHOUSE,MAT-0157,2025-02-28,0.016759774950445686
CHINA-WAREHOUSE,MAT-0157,2025-03-31,0.03499571411451762
CHINA-WAREHOUSE,MAT-0158,2025-01-31,0.1262756046515267
CHINA-WAREHOUSE,MAT-0158,2025-02-28,0.15137477765795068
CHINA-WAREHOUSE,MAT-0158,2025-03-31,0.16940193077292323
CHINA-WAREHOUSE,MAT-0159,2025-01-31,0.18416517225889079
CHINA-WAREHOUSE,MAT-0159,2025-02-28,0.15212240547678457
CHINA-WAREHOUSE,MAT-0159,2025-03-31,0.13823171544959253
CHINA-WAREHOUSE,MAT-0160,2025-01-31,1.1693432737846188
CHINA-WAREHOUSE,MAT-0160,2025-02-28,1.0548476286923327
CHINA-WAREHOUSE,MAT-0160,2025-03-31,0.83608465731582
CHINA-WAREHOUSE,MAT-0161,2025-01-31,0.03667685156830493
CHINA-WAREHOUSE,MAT-0161,2025-02-28,0.03667685156830493
CHINA-WAREHOUSE,MAT-0161,2025-03-31,0.03667685156830493
CHINA-WAREHOUSE,MAT-0162,2025-01-31,0.03499571411451762
CHINA-WAREHOUSE,MAT-0162,2025-02-28,0.03667685156830493
CHINA-WAREHOUSE,MAT-0162,2025-03-31,0.03667685156830493
CHINA-WAREHOUSE,MAT-0163,2025-01-31,0.025402933548044952
CHINA-WAREHOUSE,MAT-0163,2025-02-28,0.04723424925595079
CHINA-WAREHOUSE,MAT-0163,2025-03-31,0.053389158272794876
CHINA-WAREHOUSE,MAT-0164,2025-01-31,0.03667685156830493
CHINA-WAREHOUSE,MAT-0164,2025-02-28,0.03667685156830493
CHINA-WAREHOUSE,MAT-0164,2025-03-31,0.03667685156830493
CHINA-WAREHOUSE,MAT-0165,2025-01-31,0.10536483576131021
CHINA-WAREHOUSE,MAT-0165,2025-02-28,0.1525611956621167
CHINA-WAREHOUSE,MAT-0165,2025-03-31,0.17543020287328737
CHINA-WAREHOUSE,MAT-0166,2025-01-31,1.5707007440301763
CHINA-WAREHOUSE,MAT-0166,2025-02-28,0.9454693608879884
CHINA-WAREHOUSE,MAT-0166,2025-03-31,0.7994094698701641
CHINA-WAREHOUSE,MAT-0167,2025-01-31,0.19839981424566117
CHINA-WAREHOUSE,MAT-0167,2025-02-28,0.24752716508551958
CHINA-WAREHOUSE,MAT-0167,2025-03-31,0.25928152011462413
CHINA-WAREHOUSE,MAT-0168,2025-01-31,0.03667685156830493
CHINA-WAREHOUSE,MAT-0168,2025-02-28,0.03667685156830493
CHINA-WAREHOUSE,MAT-0168,2025-03-31,0.03667685156830493
CHINA-WAREHOUSE,MAT-0174,2025-01-31,0.014845535860399068
CHINA-WAREHOUSE,MAT-0174,2025-02-28,0.016759774950445686
CHINA-WAREHOUSE,MAT-0174,2025-03-31,0.03499571411451762
CHINA-WAREHOUSE,MAT-0175,2025-01-31,0.014845535860399068
CHINA-WAREHOUSE,MAT-0175,2025-02-28,0.016759774950445686
CHINA-WAREHOUSE,MAT-0175,2025-03-31,0.03499571411451762
CHINA-WAREHOUSE,MAT-0176,2025-01-31,0.1141580600047101
CHINA-WAREHOUSE,MAT-0176,2025-02-28,0.1141580600047101
CHINA-WAREHOUSE,MAT-0176,2025-03-31,0.1141580600047101
CHINA-WAREHOUSE,MAT-0177,2025-01-31,0.014845535860399068
CHINA-WAREHOUSE,MAT-0177,2025-02-28,0.016759774950445686
CHINA-WAREHOUSE,MAT-0177,2025-03-31,0.03499571411451762
CHINA-WAREHOUSE,MAT-0178,2025-01-31,0.08441192682494601
CHINA-WAREHOUSE,MAT-0178,2025-02-28,0.16495347867164722
CHINA-WAREHOUSE,MAT-0178,2025-03-31,0.21989583838359505
CHINA-WAREHOUSE,MAT-0179,2025-01-31,0.014845535860399068
CHINA-WAREHOUSE,MAT-0179,2025-02-28,0.016759774950445686
CHINA-WAREHOUSE,MAT-0179,2025-03-31,0.03499571411451762
CHINA-WAREHOUSE,MAT-0180,2025-01-31,0.10736568426218866
CHINA-WAREHOUSE,MAT-0180,2025-02-28,0.18277021266867996
CHINA-WAREHOUSE,MAT-0180,2025-03-31,0.2261444452766916
CHINA-WAREHOUSE,MAT-0181,2025-01-31,0.014845535860399068
CHINA-WAREHOUSE,MAT-0181,2025-02-28,0.016759774950445686
CHINA-WAREHOUSE,MAT-0181,2025-03-31,0.03499571411451762
CHINA-WAREHOUSE,MAT-0187,2025-01-31,0.014845535860399068
CHINA-WAREHOUSE,MAT-0187,2025-02-28,0.016759774950445686
CHINA-WAREHOUSE,MAT-0187,2025-03-31,0.03499571411451762
CHINA-WAREHOUSE,MAT-0188,2025-01-31,0.025402933548044952
CHINA-WAREHOUSE,MAT-0188,2025-02-28,0.04723424925595079
CHINA-WAREHOUSE,MAT-0188,2025-03-31,0.053389158272794876
CHINA-WAREHOUSE,MAT-0190,2025-01-31,0.15204290726920447
CHINA-WAREHOUSE,MAT-0190,2025-02-28,0.1378390866222631
CHINA-WAREHOUSE,MAT-0190,2025-03-31,0.14391639803711656
CHINA-WAREHOUSE,MAT-0193,2025-01-31,0.14562596687016385
CHINA-WAREHOUSE,MAT-0193,2025-02-28,0.14287252904815345
CHINA-WAREHOUSE,MAT-0193,2025-03-31,0.14287252904815345
CHINA-WAREHOUSE,MAT-0194,2025-01-31,0.014845535860399068
CHINA-WAREHOUSE,MAT-0194,2025-02-28,0.016759774950445686
CHINA-WAREHOUSE,MAT-0194,2025-03-31,0.03499571411451762
CHINA-WAREHOUSE,MAT-0195,2025-01-31,0.014845535860399068
CHINA-WAREHOUSE,MAT-0195,2025-02-28,0.016759774950445686
CHINA-WAREHOUSE,MAT-0195,2025-03-31,0.03499571411451762
CHINA-WAREHOUSE,MAT-0196,2025-01-31,0.30659062707124285
CHINA-WAREHOUSE,MAT-0196,2025-02-28,0.25085747722908486
CHINA-WAREHOUSE,MAT-0196,2025-03-31,0.20043288453203953
CHINA-WAREHOUSE,MAT-0197,2025-01-31,0.09766299909594868
CHINA-WAREHOUSE,MAT-0197,2025-02-28,0.1747319491889071
CHINA-WAREHOUSE,MAT-0197,2025-03-31,0.22822112530660563
CHINA-WAREHOUSE,MAT-0198,2025-01-31,1.039572724197918
CHINA-WAREHOUSE,MAT-0198,2025-02-28,0.7001379547830542
CHINA-WAREHOUSE,MAT-0198,2025-03-31,0.47430736519732736
CHINA-WAREHOUSE,MAT-0199,2025-01-31,0.03499571411451762
CHINA-WAREHOUSE,MAT-0199,2025-02-28,0.03667685156830493
CHINA-WAREHOUSE,MAT-0199,2025-03-31,0.03667685156830493
CHINA-WAREHOUSE,MAT-0200,2025-01-31,0.014845535860399068
CHINA-WAREHOUSE,MAT-0200,2025-02-28,0.016759774950445686
CHINA-WAREHOUSE,MAT-0200,2025-03-31,0.03499571411451762
CHINA-WAREHOUSE,MAT-0201,2025-01-31,0.2568817183960682
CHINA-WAREHOUSE,MAT-0201,2025-02-28,0.20872091564385714
CHINA-WAREHOUSE,MAT-0201,2025-03-31,0.1821569417862604
CHINA-WAREHOUSE,MAT-0202,2025-01-31,0.03667685156830493
CHINA-WAREHOUSE,MAT-0202,2025-02-28,0.03667685156830493
CHINA-WAREHOUSE,MAT-0202,2025-03-31,0.03667685156830493
CHINA-WAREHOUSE,MAT-0203,2025-01-31,0.007858095293282857
CHINA-WAREHOUSE,MAT-0203,2025-02-28,0.007858095293282857
CHINA-WAREHOUSE,MAT-0203,2025-03-31,0.007858095293282857
CHINA-WAREHOUSE,MAT-0204,2025-01-31,0.014845535860399068
CHINA-WAREHOUSE,MAT-0204,2025-02-28,0.016759774950445686
CHINA-WAREHOUSE,MAT-0204,2025-03-31,0.03499571411451762
CHINA-WAREHOUSE,MAT-0205,2025-01-31,0.014845535860399068
CHINA-WAREHOUSE,MAT-0205,2025-02-28,0.016759774950445686
CHINA-WAREHOUSE,MAT-0205,2025-03-31,0.03499571411451762
CHINA-WAREHOUSE,MAT-0206,2025-01-31,0.5146630269842575
CHINA-WAREHOUSE,MAT-0206,2025-02-28,0.4476642895784508
CHINA-WAREHOUSE,MAT-0206,2025-03-31,0.3601342098108763
CHINA-WAREHOUSE,MAT-0207,2025-01-31,0.11771299231444989
CHINA-WAREHOUSE,MAT-0207,2025-02-28,0.11771299231444989
CHINA-WAREHOUSE,MAT-0207,2025-03-31,0.11771299231444989
CHINA-WAREHOUSE,MAT-0208,2025-01-31,0.014845535860399068
CHINA-WAREHOUSE,MAT-0208,2025-02-28,0.016759774950445686
CHINA-WAREHOUSE,MAT-0208,2025-03-31,0.03499571411451762
CHINA-WAREHOUSE,MAT-0209,2025-01-31,0.014845535860399068
CHINA-WAREHOUSE,MAT-0209,2025-02-28,0.016759774950445686
CHINA-WAREHOUSE,MAT-0209,2025-03-31,0.03499571411451762
CHINA-WAREHOUSE,MAT-0213,2025-01-31,0.10196643646510929
CHINA-WAREHOUSE,MAT-0213,2025-02-28,0.11208137997479613
CHINA-WAREHOUSE,MAT-0213,2025-03-31,0.11208137997479613
CHINA-WAREHOUSE,MAT-0214,2025-01-31,0.014845535860399068
CHINA-WAREHOUSE,MAT-0214,2025-02-28,0.016759774950445686
CHINA-WAREHOUSE,MAT-0214,2025-03-31,0.03499571411451762
CHINA-WAREHOUSE,MAT-0215,2025-01-31,0.014845535860399068
CHINA-WAREHOUSE,MAT-0215,2025-02-28,0.016759774950445686
CHINA-WAREHOUSE,MAT-0215,2025-03-31,0.03499571411451762
CHINA-WAREHOUSE,MAT-0216,2025-01-31,0.014845535860399068
CHINA-WAREHOUSE,MAT-0216,2025-02-28,0.016759774950445686
CHINA-WAREHOUSE,MAT-0216,2025-03-31,0.03499571411451762
CHINA-WAREHOUSE,MAT-0217,2025-01-31,0.13823171544959253
CHINA-WAREHOUSE,MAT-0217,2025-02-28,0.12911440747641173
CHINA-WAREHOUSE,MAT-0217,2025-03-31,0.125833079212786
CHINA-WAREHOUSE,MAT-0218,2025-01-31,0.014845535860399068
CHINA-WAREHOUSE,MAT-0218,2025-02-28,0.016759774950445686
CHINA-WAREHOUSE,MAT-0218,2025-03-31,0.03499571411451762
CHINA-WAREHOUSE,MAT-0229,2025-01-31,0.6162682685903582
CHINA-WAREHOUSE,MAT-0229,2025-02-28,0.7392271032495767
CHINA-WAREHOUSE,MAT-0229,2025-03-31,0.9871351298347405
CHINA-WAREHOUSE,MAT-0230,2025-01-31,0.014845535860399068
CHINA-WAREHOUSE,MAT-0230,2025-02-28,0.016759774950445686
CHINA-WAREHOUSE,MAT-0230,2025-03-31,0.03499571411451762
CHINA-WAREHOUSE,MAT-0231,2025-01-31,0.014845535860399068
CHINA-WAREHOUSE,MAT-0231,2025-02-28,0.016759774950445686
CHINA-WAREHOUSE,MAT-0231,2025-03-31,0.03499571411451762
CHINA-WAREHOUSE,MAT-0232,2025-01-31,0.850071319971919
CHINA-WAREHOUSE,MAT-0232,2025-02-28,1.1060326630829413
CHINA-WAREHOUSE,MAT-0232,2025-03-31,1.349821265552925
CHINA-WAREHOUSE,MAT-0233,2025-01-31,0.11721627498348748
CHINA-WAREHOUSE,MAT-0233,2025-02-28,0.22268435244232176
CHINA-WAREHOUSE,MAT-0233,2025-03-31,0.2962972616373036
CHINA-WAREHOUSE,MAT-0234,2025-01-31,0.3122883386605889
CHINA-WAREHOUSE,MAT-0234,2025-02-28,0.2870875240279438
CHINA-WAREHOUSE,MAT-0234,2025-03-31,0.2565551888184309
CHINA-WAREHOUSE,MAT-0235,2025-01-31,0.014845535860399068
CHINA-WAREHOUSE,MAT-0235,2025-02-28,0.016759774950445686
CHINA-WAREHOUSE,MAT-0235,2025-03-31,0.03499571411451762
CHINA-WAREHOUSE,MAT-0236,2025-01-31,0.023762240328351777
CHINA-WAREHOUSE,MAT-0236,2025-02-28,0.043679316946211
CHINA-WAREHOUSE,MAT-0236,2025-03-31,0.043679316946211
CHINA-WAREHOUSE,MAT-0237,2025-01-31,0.6652527551647621
CHINA-WAREHOUSE,MAT-0237,2025-02-28,0.523012677684959
CHINA-WAREHOUSE,MAT-0237,2025-03-31,0.45393726024923836
CHINA-WAREHOUSE,MAT-0238,2025-01-31,0.014845535860399068
CHINA-WAREHOUSE,MAT-0238,2025-02-28,0.016759774950445686
CHINA-WAREHOUSE,MAT-0238,2025-03-31,0.03499571411451762
CHINA-WAREHOUSE,MAT-0239,2025-01-31,0.1726552691589931
CHINA-WAREHOUSE,MAT-0239,2025-02-28,0.2261444452766916
CHINA-WAREHOUSE,MAT-0239,2025-03-31,0.25639396336809017
CHINA-WAREHOUSE,MAT-0246,2025-01-31,0.1398733136949756
CHINA-WAREHOUSE,MAT-0246,2025-02-28,0.14998947852392985
CHINA-WAREHOUSE,MAT-0246,2025-03-31,0.18220908514499856
CHINA-WAREHOUSE,MAT-0249,2025-01-31,0.03667685156830493
CHINA-WAREHOUSE,MAT-0249,2025-02-28,0.03667685156830493
CHINA-WAREHOUSE,MAT-0249,2025-03-31,0.03667685156830493
CHINA-WAREHOUSE,MAT-0250,2025-01-31,0.014845535860399068
CHINA-WAREHOUSE,MAT-0250,2025-02-28,0.016759774950445686
CHINA-WAREHOUSE,MAT-0250,2025-03-31,0.03499571411451762
CHINA-WAREHOUSE,MAT-0254,2025-01-31,0.15212240547678457
CHINA-WAREHOUSE,MAT-0254,2025-02-28,0.13823171544959253
CHINA-WAREHOUSE,MAT-0254,2025-03-31,0.12911440747641173
CHINA-WAREHOUSE,MAT-0255,2025-01-31,0.10404311649502332
CHINA-WAREHOUSE,MAT-0255,2025-02-28,0.1141580600047101
CHINA-WAREHOUSE,MAT-0255,2025-03-31,0.1141580600047101
CHINA-WAREHOUSE,MAT-0256,2025-01-31,0.17203827460555035
CHINA-WAREHOUSE,MAT-0256,2025-02-28,0.22552745072324887
CHINA-WAREHOUSE,MAT-0256,2025-03-31,0.25254856608254495
CHINA-WAREHOUSE,MAT-0257,2025-01-31,0.014845535860399068
CHINA-WAREHOUSE,MAT-0257,2025-02-28,0.016759774950445686
CHINA-WAREHOUSE,MAT-0257,2025-03-31,0.03499571411451762
CHINA-WAREHOUSE,MAT-0258,2025-01-31,0.014845535860399068
CHINA-WAREHOUSE,MAT-0258,2025-02-28,0.016759774950445686
CHINA-WAREHOUSE,MAT-0258,2025-03-31,0.03499571411451762
CHINA-WAREHOUSE,MAT-0259,2025-01-31,0.03457331176909599
CHINA-WAREHOUSE,MAT-0259,2025-02-28,0.056404627477001826
CHINA-WAREHOUSE,MAT-0259,2025-03-31,0.07968701063469454
CHINA-WAREHOUSE,MAT-0260,2025-01-31,0.014845535860399068
CHINA-WAREHOUSE,MAT-0260,2025-02-28,0.016759774950445686
CHINA-WAREHOUSE,MAT-0260,2025-03-31,0.03499571411451762
CHINA-WAREHOUSE,MAT-0261,2025-01-31,0.48375771844610266
CHINA-WAREHOUSE,MAT-0261,2025-02-28,0.4427722568105489
CHINA-WAREHOUSE,MAT-0261,2025-03-31,0.39861692338104726
CHINA-WAREHOUSE,MAT-0262,2025-01-31,0.0648850200739897
CHINA-WAREHOUSE,MAT-0262,2025-02-28,0.0648850200739897
CHINA-WAREHOUSE,MAT-0262,2025-03-31,0.0648850200739897
CHINA-WAREHOUSE,MAT-0263,2025-01-31,0.014845535860399068
CHINA-WAREHOUSE,MAT-0263,2025-02-28,0.016759774950445686
CHINA-WAREHOUSE,MAT-0263,2025-03-31,0.03499571411451762
CHINA-WAREHOUSE,MAT-0264,2025-01-31,0.2878880643180752
CHINA-WAREHOUSE,MAT-0264,2025-02-28,0.39505465801049205
CHINA-WAREHOUSE,MAT-0264,2025-03-31,0.520676068691906
CHINA-WAREHOUSE,MAT-0265,2025-01-31,0.4287079786838556
CHINA-WAREHOUSE,MAT-0265,2025-02-28,0.5749443759779962
CHINA-WAREHOUSE,MAT-0265,2025-03-31,0.6764131601310223
CHINA-WAREHOUSE,MAT-0266,2025-01-31,0.17543020287328737
CHINA-WAREHOUSE,MAT-0266,2025-02-28,0.19593542827012836
CHINA-WAREHOUSE,MAT-0266,2025-03-31,0.19593542827012836
CHINA-WAREHOUSE,MAT-0267,2025-01-31,0.04555311180216349
CHINA-WAREHOUSE,MAT-0267,2025-02-28,0.04723424925595079
CHINA-WAREHOUSE,MAT-0267,2025-03-31,0.053389158272794876
CHINA-WAREHOUSE,MAT-0268,2025-01-31,0.3225871591591456
CHINA-WAREHOUSE,MAT-0268,2025-02-28,0.3126148682382262
CHINA-WAREHOUSE,MAT-0268,2025-03-31,0.2874140536055811
CHINA-WAREHOUSE,MAT-0269,2025-01-31,0.02184800123830516
CHINA-WAREHOUSE,MAT-0269,2025-02-28,0.0419981794924237
CHINA-WAREHOUSE,MAT-0269,2025-03-31,0.043679316946211
CHINA-WAREHOUSE,MAT-0270,2025-01-31,0.36615845097785965
CHINA-WAREHOUSE,MAT-0270,2025-02-28,0.3126148682382262
CHINA-WAREHOUSE,MAT-0270,2025-03-31,0.2874140536055811
CHINA-WAREHOUSE,MAT-0271,2025-01-31,0.014845535860399068
CHINA-WAREHOUSE,MAT-0271,2025-02-28,0.016759774950445686
CHINA-WAREHOUSE,MAT-0271,2025-03-31,0.03499571411451762
CHINA-WAREHOUSE,MAT-0272,2025-01-31,0.014845535860399068
CHINA-WAREHOUSE,MAT-0272,2025-02-28,0.016759774950445686
CHINA-WAREHOUSE,MAT-0272,2025-03-31,0.03499571411451762
CHINA-WAREHOUSE,MAT-0273,2025-01-31,0.11208137997479613
CHINA-WAREHOUSE,MAT-0273,2025-02-28,0.11208137997479613
CHINA-WAREHOUSE,MAT-0273,2025-03-31,0.11208137997479613
CHINA-WAREHOUSE,MAT-0276,2025-01-31,0.19517941814975928
CHINA-WAREHOUSE,MAT-0276,2025-02-28,0.22854765488424292
CHINA-WAREHOUSE,MAT-0276,2025-03-31,0.2587971729756414
CHINA-WAREHOUSE,MAT-0277,2025-01-31,0.0648850200739897
CHINA-WAREHOUSE,MAT-0277,2025-02-28,0.0648850200739897
CHINA-WAREHOUSE,MAT-0277,2025-03-31,0.0648850200739897
CHINA-WAREHOUSE,MAT-0278,2025-01-31,0.03667685156830493
CHINA-WAREHOUSE,MAT-0278,2025-02-28,0.03667685156830493
CHINA-WAREHOUSE,MAT-0278,2025-03-31,0.03667685156830493
CHINA-WAREHOUSE,MAT-0279,2025-01-31,0.014845535860399068
CHINA-WAREHOUSE,MAT-0279,2025-02-28,0.016759774950445686
CHINA-WAREHOUSE,MAT-0279,2025-03-31,0.03499571411451762
CHINA-WAREHOUSE,MAT-0280,2025-01-31,0.014845535860399068
CHINA-WAREHOUSE,MAT-0280,2025-02-28,0.016759774950445686
CHINA-WAREHOUSE,MAT-0280,2025-03-31,0.03499571411451762
CHINA-WAREHOUSE,MAT-0281,2025-01-31,0.7341231642374274
CHINA-WAREHOUSE,MAT-0281,2025-02-28,0.8001825175216453
CHINA-WAREHOUSE,MAT-0281,2025-03-31,0.7989857521299085
CHINA-WAREHOUSE,MAT-0282,2025-01-31,0.014845535860399068
CHINA-WAREHOUSE,MAT-0282,2025-02-28,0.016759774950445686
CHINA-WAREHOUSE,MAT-0282,2025-03-31,0.03499571411451762
CHINA-WAREHOUSE,MAT-0283,2025-01-31,0.014845535860399068
CHINA-WAREHOUSE,MAT-0283,2025-02-28,0.016759774950445686
CHINA-WAREHOUSE,MAT-0283,2025-03-31,0.03499571411451762
CHINA-WAREHOUSE,MAT-0284,2025-01-31,0.03667685156830493
CHINA-WAREHOUSE,MAT-0284,2025-02-28,0.03667685156830493
CHINA-WAREHOUSE,MAT-0284,2025-03-31,0.03667685156830493
CHINA-WAREHOUSE,MAT-0285,2025-01-31,0.15452561508433588
CHINA-WAREHOUSE,MAT-0285,2025-02-28,0.14386332778924635
CHINA-WAREHOUSE,MAT-0285,2025-03-31,0.14287252904815345
CHINA-WAREHOUSE,MAT-0286,2025-01-31,0.0648850200739897
CHINA-WAREHOUSE,MAT-0286,2025-02-28,0.0648850200739897
CHINA-WAREHOUSE,MAT-0286,2025-03-31,0.0648850200739897
CHINA-WAREHOUSE,MAT-0287,2025-01-31,0.02964199333979556
CHINA-WAREHOUSE,MAT-0287,2025-02-28,0.049798227252600885
CHINA-WAREHOUSE,MAT-0287,2025-03-31,0.07800639575828568
CHINA-WAREHOUSE,MAT-0290,2025-01-31,0.03667685156830493
CHINA-WAREHOUSE,MAT-0290,2025-02-28,0.03667685156830493
CHINA-WAREHOUSE,MAT-0290,2025-03-31,0.03667685156830493
CHINA-WAREHOUSE,MAT-0291,2025-01-31,0.03499571411451762
CHINA-WAREHOUSE,MAT-0291,2025-02-28,0.03667685156830493
CHINA-WAREHOUSE,MAT-0291,2025-03-31,0.03667685156830493
CHINA-WAREHOUSE,MAT-0294,2025-01-31,0.014845535860399068
CHINA-WAREHOUSE,MAT-0294,2025-02-28,0.016759774950445686
CHINA-WAREHOUSE,MAT-0294,2025-03-31,0.03499571411451762
CHINA-WAREHOUSE,MAT-0295,2025-01-31,0.019771321208391163
CHINA-WAREHOUSE,MAT-0295,2025-02-28,0.039921499462509696
CHINA-WAREHOUSE,MAT-0295,2025-03-31,0.041602636916297
CHINA-WAREHOUSE,MAT-0296,2025-01-31,0.03667685156830493
CHINA-WAREHOUSE,MAT-0296,2025-02-28,0.03667685156830493
CHINA-WAREHOUSE,MAT-0296,2025-03-31,0.03667685156830493
CHINA-WAREHOUSE,MAT-0297,2025-01-31,0.014845535860399068
CHINA-WAREHOUSE,MAT-0297,2025-02-28,0.016759774950445686
CHINA-WAREHOUSE,MAT-0297,2025-03-31,0.03499571411451762
CHINA-WAREHOUSE,MAT-0299,2025-01-31,0.02964199333979556
CHINA-WAREHOUSE,MAT-0299,2025-02-28,0.049798227252600885
CHINA-WAREHOUSE,MAT-0299,2025-03-31,0.07800639575828568
CHINA-WAREHOUSE,MAT-0311,2025-01-31,0.03499571411451762
CHINA-WAREHOUSE,MAT-0311,2025-02-28,0.03667685156830493
CHINA-WAREHOUSE,MAT-0311,2025-03-31,0.03667685156830493
CHINA-WAREHOUSE,MAT-0312,2025-01-31,0.1823719235681836
CHINA-WAREHOUSE,MAT-0312,2025-02-28,0.15212240547678457
CHINA-WAREHOUSE,MAT-0312,2025-03-31,0.13823171544959253
CHINA-WAREHOUSE,MAT-0313,2025-01-31,0.06045151671147933
CHINA-WAREHOUSE,MAT-0313,2025-02-28,0.10536483576131021
CHINA-WAREHOUSE,MAT-0313,2025-03-31,0.1525611956621167
CHINA-WAREHOUSE,MAT-0314,2025-01-31,0.4527923057041402
CHINA-WAREHOUSE,MAT-0314,2025-02-28,0.4704970483052704
CHINA-WAREHOUSE,MAT-0314,2025-03-31,0.4704970483052704
CHINA-WAREHOUSE,MAT-0315,2025-01-31,0.2544785087885169
CHINA-WAREHOUSE,MAT-0315,2025-02-28,0.20405391609147147
CHINA-WAREHOUSE,MAT-0315,2025-03-31,0.1797537321787091
CHINA-WAREHOUSE,MAT-0316,2025-01-31,0.0648850200739897
CHINA-WAREHOUSE,MAT-0316,2025-02-28,0.0648850200739897
CHINA-WAREHOUSE,MAT-0316,2025-03-31,0.0648850200739897
CHINA-WAREHOUSE,MAT-0317,2025-01-31,0.014845535860399068
CHINA-WAREHOUSE,MAT-0317,2025-02-28,0.016759774950445686
CHINA-WAREHOUSE,MAT-0317,2025-03-31,0.03499571411451762
CHINA-WAREHOUSE,MAT-0318,2025-01-31,0.7817575463294406
CHINA-WAREHOUSE,MAT-0318,2025-02-28,0.7244875655137493
CHINA-WAREHOUSE,MAT-0318,2025-03-31,0.6596249776212681
CHINA-WAREHOUSE,MAT-0319,2025-01-31,0.5785489937199153
CHINA-WAREHOUSE,MAT-0319,2025-02-28,0.7566419923843267
CHINA-WAREHOUSE,MAT-0319,2025-03-31,1.002009718392997
CHINA-WAREHOUSE,MAT-0320,2025-01-31,0.014845535860399068
CHINA-WAREHOUSE,MAT-0320,2025-02-28,0.016759774950445686
CHINA-WAREHOUSE,MAT-0320,2025-03-31,0.03499571411451762
CHINA-WAREHOUSE,MAT-0321,2025-01-31,0.03499571411451762
CHINA-WAREHOUSE,MAT-0321,2025-02-28,0.03667685156830493
CHINA-WAREHOUSE,MAT-0321,2025-03-31,0.03667685156830493
CHINA-WAREHOUSE,MAT-0322,2025-01-31,0.014845535860399068
CHINA-WAREHOUSE,MAT-0322,2025-02-28,0.016759774950445686
CHINA-WAREHOUSE,MAT-0322,2025-03-31,0.03499571411451762
CHINA-WAREHOUSE,MAT-0323,2025-01-31,0.056460651237787686
CHINA-WAREHOUSE,MAT-0323,2025-02-28,0.10856179067050248
CHINA-WAREHOUSE,MAT-0323,2025-03-31,0.12688337053550094
CHINA-WAREHOUSE,MAT-0324,2025-01-31,0.18416517225889079
CHINA-WAREHOUSE,MAT-0324,2025-02-28,0.15212240547678457
CHINA-WAREHOUSE,MAT-0324,2025-03-31,0.13823171544959253
CHINA-WAREHOUSE,MAT-0325,2025-01-31,0.3595615976718551
CHINA-WAREHOUSE,MAT-0325,2025-02-28,0.4423659315441857
CHINA-WAREHOUSE,MAT-0325,2025-03-31,0.47876017314182895
CHINA-WAREHOUSE,MAT-0326,2025-01-31,0.03667685156830493
CHINA-WAREHOUSE,MAT-0326,2025-02-28,0.03667685156830493
CHINA-WAREHOUSE,MAT-0326,2025-03-31,0.03667685156830493
CHINA-WAREHOUSE,MAT-0327,2025-01-31,0.07051663241364349
CHINA-WAREHOUSE,MAT-0327,2025-02-28,0.07051663241364349
CHINA-WAREHOUSE,MAT-0327,2025-03-31,0.07051663241364349
CHINA-WAREHOUSE,MAT-0328,2025-01-31,0.17613270061927716
CHINA-WAREHOUSE,MAT-0328,2025-02-28,0.15172977664945514
CHINA-WAREHOUSE,MAT-0328,2025-03-31,0.1378390866222631
CHINA-WAREHOUSE,MAT-0329,2025-01-31,0.03499571411451762
CHINA-WAREHOUSE,MAT-0329,2025-02-28,0.03667685156830493
CHINA-WAREHOUSE,MAT-0329,2025-03-31,0.03667685156830493
CHINA-WAREHOUSE,MAT-0330,2025-01-31,0.03667685156830493
CHINA-WAREHOUSE,MAT-0330,2025-02-28,0.03667685156830493
CHINA-WAREHOUSE,MAT-0330,2025-03-31,0.03667685156830493
CHINA-WAREHOUSE,MAT-0331,2025-01-31,0.014845535860399068
CHINA-WAREHOUSE,MAT-0331,2025-02-28,0.016759774950445686
CHINA-WAREHOUSE,MAT-0331,2025-03-31,0.03499571411451762
CHINA-WAREHOUSE,MAT-0332,2025-01-31,7.800974213952131
CHINA-WAREHOUSE,MAT-0332,2025-02-28,7.800974213952131
CHINA-WAREHOUSE,MAT-0332,2025-03-31,7.800974213952131
CHINA-WAREHOUSE,MAT-0333,2025-01-31,0.10461650168945648
CHINA-WAREHOUSE,MAT-0333,2025-02-28,0.12293808155445493
CHINA-WAREHOUSE,MAT-0333,2025-03-31,0.12971567469588058
CHINA-WAREHOUSE,MAT-0334,2025-01-31,0.06373171545480578
CHINA-WAREHOUSE,MAT-0334,2025-02-28,0.0919398839604906
CHINA-WAREHOUSE,MAT-0334,2025-03-31,0.12902130035161022
CHINA-WAREHOUSE,MAT-0335,2025-01-31,0.1797537321787091
CHINA-WAREHOUSE,MAT-0335,2025-02-28,0.15212240547678457
CHINA-WAREHOUSE,MAT-0335,2025-03-31,0.13823171544959253
CHINA-WAREHOUSE,MAT-0337,2025-01-31,0.014845535860399068
CHINA-WAREHOUSE,MAT-0337,2025-02-28,0.016759774950445686
CHINA-WAREHOUSE,MAT-0337,2025-03-31,0.03499571411451762
CHINA-WAREHOUSE,MAT-0338,2025-01-31,0.014845535860399068
CHINA-WAREHOUSE,MAT-0338,2025-02-28,0.016759774950445686
CHINA-WAREHOUSE,MAT-0338,2025-03-31,0.03499571411451762
CHINA-WAREHOUSE,MAT-0339,2025-01-31,0.06373171545480578
CHINA-WAREHOUSE,MAT-0339,2025-02-28,0.0919398839604906
CHINA-WAREHOUSE,MAT-0339,2025-03-31,0.12902130035161022
CHINA-WAREHOUSE,MAT-0340,2025-01-31,0.5206872681512408
CHINA-WAREHOUSE,MAT-0340,2025-02-28,0.45368853074543414
CHINA-WAREHOUSE,MAT-0340,2025-03-31,0.373089889421156
CHINA-WAREHOUSE,MAT-0341,2025-01-31,0.31547046905394593
CHINA-WAREHOUSE,MAT-0341,2025-02-28,0.21243835620812634
CHINA-WAREHOUSE,MAT-0341,2025-03-31,0.21393967155138763
CHINA-WAREHOUSE,MAT-0350,2025-01-31,0.014845535860399068
CHINA-WAREHOUSE,MAT-0350,2025-02-28,0.016759774950445686
CHINA-WAREHOUSE,MAT-0350,2025-03-31,0.03499571411451762
CHINA-WAREHOUSE,MAT-0351,2025-01-31,0.014845535860399068
CHINA-WAREHOUSE,MAT-0351,2025-02-28,0.016759774950445686
CHINA-WAREHOUSE,MAT-0351,2025-03-31,0.03499571411451762
CHINA-WAREHOUSE,MAT-0352,2025-01-31,0.014845535860399068
CHINA-WAREHOUSE,MAT-0352,2025-02-28,0.016759774950445686
CHINA-WAREHOUSE,MAT-0352,2025-03-31,0.03499571411451762
CHINA-WAREHOUSE,MAT-0353,2025-01-31,0.014845535860399068
CHINA-WAREHOUSE,MAT-0353,2025-02-28,0.016759774950445686
CHINA-WAREHOUSE,MAT-0353,2025-03-31,0.03499571411451762
CHINA-WAREHOUSE,MAT-0354,2025-01-31,0.77299512528701
CHINA-WAREHOUSE,MAT-0354,2025-02-28,0.685726880802179
CHINA-WAREHOUSE,MAT-0354,2025-03-31,0.48375771844610266
CHINA-WAREHOUSE,MAT-0356,2025-01-31,0.4131204171277818
CHINA-WAREHOUSE,MAT-0356,2025-02-28,0.4048969040578848
CHINA-WAREHOUSE,MAT-0356,2025-03-31,0.4048969040578848
CHINA-WAREHOUSE,MAT-0357,2025-01-31,0.016759774950445686
CHINA-WAREHOUSE,MAT-0357,2025-02-28,0.03499571411451762
CHINA-WAREHOUSE,MAT-0357,2025-03-31,0.03667685156830493
CHINA-WAREHOUSE,MAT-0358,2025-01-31,0.014845535860399068
CHINA-WAREHOUSE,MAT-0358,2025-02-28,0.016759774950445686
CHINA-WAREHOUSE,MAT-0358,2025-03-31,0.03499571411451762
CHINA-WAREHOUSE,MAT-0362,2025-01-31,0.014845535860399068
CHINA-WAREHOUSE,MAT-0362,2025-02-28,0.016759774950445686
CHINA-WAREHOUSE,MAT-0362,2025-03-31,0.03499571411451762
CHINA-WAREHOUSE,MAT-0363,2025-01-31,0.17443940413219447
CHINA-WAREHOUSE,MAT-0363,2025-02-28,0.19593542827012836
CHINA-WAREHOUSE,MAT-0363,2025-03-31,0.19593542827012836
CHINA-WAREHOUSE,MAT-0367,2025-01-31,0.03667685156830493
CHINA-WAREHOUSE,MAT-0367,2025-02-28,0.03667685156830493
CHINA-WAREHOUSE,MAT-0367,2025-03-31,0.03667685156830493
CHINA-WAREHOUSE,MAT-0368,2025-01-31,0.014845535860399068
CHINA-WAREHOUSE,MAT-0368,2025-02-28,0.016759774950445686
CHINA-WAREHOUSE,MAT-0368,2025-03-31,0.03499571411451762
CHINA-WAREHOUSE,MAT-0373,2025-01-31,0.014845535860399068
CHINA-WAREHOUSE,MAT-0373,2025-02-28,0.016759774950445686
CHINA-WAREHOUSE,MAT-0373,2025-03-31,0.03499571411451762
CHINA-WAREHOUSE,MAT-0374,2025-01-31,0.08081804163435509
CHINA-WAREHOUSE,MAT-0374,2025-02-28,0.15304000848617852
CHINA-WAREHOUSE,MAT-0374,2025-03-31,0.18747714280128536
CHINA-WAREHOUSE,MAT-0375,2025-01-31,0.04723424925595079
CHINA-WAREHOUSE,MAT-0375,2025-02-28,0.053389158272794876
CHINA-WAREHOUSE,MAT-0375,2025-03-31,0.07051663241364349
CHINA-WAREHOUSE,MAT-0376,2025-01-31,0.13931759673841365
CHINA-WAREHOUSE,MAT-0376,2025-02-28,0.1380259240716543
CHINA-WAREHOUSE,MAT-0376,2025-03-31,0.13119108750632574
CHINA-WAREHOUSE,MAT-0377,2025-01-31,0.1865683818664421
CHINA-WAREHOUSE,MAT-0377,2025-02-28,0.15452561508433588
CHINA-WAREHOUSE,MAT-0377,2025-03-31,0.14386332778924635
CHINA-WAREHOUSE,MAT-0378,2025-01-31,0.15212240547678457
CHINA-WAREHOUSE,MAT-0378,2025-02-28,0.13823171544959253
CHINA-WAREHOUSE,MAT-0378,2025-03-31,0.12911440747641173
CHINA-WAREHOUSE,MAT-0379,2025-01-31,0.5206872681512408
CHINA-WAREHOUSE,MAT-0379,2025-02-28,0.45368853074543414
CHINA-WAREHOUSE,MAT-0379,2025-03-31,0.373089889421156
CHINA-WAREHOUSE,MAT-0380,2025-01-31,0.03667685156830493
CHINA-WAREHOUSE,MAT-0380,2025-02-28,0.03667685156830493
CHINA-WAREHOUSE,MAT-0380,2025-03-31,0.03667685156830493
CHINA-WAREHOUSE,MAT-0381,2025-01-31,0.0648850200739897
CHINA-WAREHOUSE,MAT-0381,2025-02-28,0.0648850200739897
CHINA-WAREHOUSE,MAT-0381,2025-03-31,0.0648850200739897
CHINA-WAREHOUSE,MAT-0382,2025-01-31,0.08133411853176373
CHINA-WAREHOUSE,MAT-0382,2025-02-28,0.11136995445051882
CHINA-WAREHOUSE,MAT-0382,2025-03-31,0.12293808155445493
CHINA-WAREHOUSE,MAT-0383,2025-01-31,0.03499571411451762
CHINA-WAREHOUSE,MAT-0383,2025-02-28,0.03667685156830493
CHINA-WAREHOUSE,MAT-0383,2025-03-31,0.03667685156830493
CHINA-WAREHOUSE,MAT-0384,2025-01-31,0.16497040114319603
CHINA-WAREHOUSE,MAT-0384,2025-02-28,0.20156704060978217
CHINA-WAREHOUSE,MAT-0384,2025-03-31,0.2259699645796042
CHINA-WAREHOUSE,MAT-0385,2025-01-31,0.014845535860399068
CHINA-WAREHOUSE,MAT-0385,2025-02-28,0.016759774950445686
CHINA-WAREHOUSE,MAT-0385,2025-03-31,0.03499571411451762
CHINA-WAREHOUSE,MAT-0386,2025-01-31,0.2568817183960682
CHINA-WAREHOUSE,MAT-0386,2025-02-28,0.20872091564385714
CHINA-WAREHOUSE,MAT-0386,2025-03-31,0.1821569417862604
CHINA-WAREHOUSE,MAT-0387,2025-01-31,0.03499571411451762
CHINA-WAREHOUSE,MAT-0387,2025-02-28,0.03667685156830493
CHINA-WAREHOUSE,MAT-0387,2025-03-31,0.03667685156830493
CHINA-WAREHOUSE,MAT-0388,2025-01-31,0.014845535860399068
CHINA-WAREHOUSE,MAT-0388,2025-02-28,0.016759774950445686
CHINA-WAREHOUSE,MAT-0388,2025-03-31,0.03499571411451762
CHINA-WAREHOUSE,MAT-0389,2025-01-31,0.5590056794657778
CHINA-WAREHOUSE,MAT-0389,2025-02-28,0.5590056794657778
CHINA-WAREHOUSE,MAT-0389,2025-03-31,0.5590056794657778
CHINA-WAREHOUSE,MAT-0390,2025-01-31,0.014845535860399068
CHINA-WAREHOUSE,MAT-0390,2025-02-28,0.016759774950445686
CHINA-WAREHOUSE,MAT-0390,2025-03-31,0.03499571411451762
CHINA-WAREHOUSE,MAT-0391,2025-01-31,0.014845535860399068
CHINA-WAREHOUSE,MAT-0391,2025-02-28,0.016759774950445686
CHINA-WAREHOUSE,MAT-0391,2025-03-31,0.03499571411451762
CHINA-WAREHOUSE,MAT-0392,2025-01-31,0.03667685156830493
CHINA-WAREHOUSE,MAT-0392,2025-02-28,0.03667685156830493
CHINA-WAREHOUSE,MAT-0392,2025-03-31,0.03667685156830493
CHINA-WAREHOUSE,MAT-0393,2025-01-31,0.13724091670849964
CHINA-WAREHOUSE,MAT-0393,2025-02-28,0.12911440747641173
CHINA-WAREHOUSE,MAT-0393,2025-03-31,0.125833079212786
CHINA-WAREHOUSE,MAT-0394,2025-01-31,0.03667685156830493
CHINA-WAREHOUSE,MAT-0394,2025-02-28,0.03667685156830493
CHINA-WAREHOUSE,MAT-0394,2025-03-31,0.03667685156830493
CHINA-WAREHOUSE,MAT-0396,2025-01-31,0.03667685156830493
CHINA-WAREHOUSE,MAT-0396,2025-02-28,0.03667685156830493
CHINA-WAREHOUSE,MAT-0396,2025-03-31,0.03667685156830493
CHINA-WAREHOUSE,MAT-0397,2025-01-31,0.03667685156830493
CHINA-WAREHOUSE,MAT-0397,2025-02-28,0.03667685156830493
CHINA-WAREHOUSE,MAT-0397,2025-03-31,0.03667685156830493
CHINA-WAREHOUSE,MAT-0398,2025-01-31,0.014845535860399068
CHINA-WAREHOUSE,MAT-0398,2025-02-28,0.016759774950445686
CHINA-WAREHOUSE,MAT-0398,2025-03-31,0.03499571411451762
CHINA-WAREHOUSE,MAT-0399,2025-01-31,0.4204740171598409
CHINA-WAREHOUSE,MAT-0399,2025-02-28,0.4776933087847598
CHINA-WAREHOUSE,MAT-0399,2025-03-31,0.5115295529633788
CHINA-WAREHOUSE,MAT-0400,2025-01-31,0.03499571411451762
CHINA-WAREHOUSE,MAT-0400,2025-02-28,0.03667685156830493
CHINA-WAREHOUSE,MAT-0400,2025-03-31,0.03667685156830493
CHINA-WAREHOUSE,MAT-0401,2025-01-31,0.014845535860399068
CHINA-WAREHOUSE,MAT-0401,2025-02-28,0.016759774950445686
CHINA-WAREHOUSE,MAT-0401,2025-03-31,0.03499571411451762
CHINA-WAREHOUSE,MAT-0402,2025-01-31,0.9381255490908598
CHINA-WAREHOUSE,MAT-0402,2025-02-28,0.9403915736371009
CHINA-WAREHOUSE,MAT-0402,2025-03-31,0.9403915736371009
CHINA-WAREHOUSE,MAT-0409,2025-01-31,0.03667685156830493
CHINA-WAREHOUSE,MAT-0409,2025-02-28,0.03667685156830493
CHINA-WAREHOUSE,MAT-0409,2025-03-31,0.03667685156830493
CHINA-WAREHOUSE,MAT-0413,2025-01-31,0.7461404476992098
CHINA-WAREHOUSE,MAT-0413,2025-02-28,0.6961723167787756
CHINA-WAREHOUSE,MAT-0413,2025-03-31,0.5404521338622356
CHINA-WAREHOUSE,MAT-0415,2025-01-31,0.6012039329944373
CHINA-WAREHOUSE,MAT-0415,2025-02-28,0.6763440151132393
CHINA-WAREHOUSE,MAT-0415,2025-03-31,0.6763440151132393
CHINA-WAREHOUSE,MAT-0416,2025-01-31,0.5206872681512408
CHINA-WAREHOUSE,MAT-0416,2025-02-28,0.45368853074543414
CHINA-WAREHOUSE,MAT-0416,2025-03-31,0.373089889421156
CHINA-WAREHOUSE,MAT-0417,2025-01-31,0.03667685156830493
CHINA-WAREHOUSE,MAT-0417,2025-02-28,0.03667685156830493
CHINA-WAREHOUSE,MAT-0417,2025-03-31,0.03667685156830493
CHINA-WAREHOUSE,MAT-0418,2025-01-31,0.014845535860399068
CHINA-WAREHOUSE,MAT-0418,2025-02-28,0.016759774950445686
CHINA-WAREHOUSE,MAT-0418,2025-03-31,0.03499571411451762
CHINA-WAREHOUSE,MAT-0425,2025-01-31,0.014845535860399068
CHINA-WAREHOUSE,MAT-0425,2025-02-28,0.016759774950445686
CHINA-WAREHOUSE,MAT-0425,2025-03-31,0.03499571411451762
CHINA-WAREHOUSE,MAT-0428,2025-01-31,0.14679990033691173
CHINA-WAREHOUSE,MAT-0428,2025-02-28,0.17379472488082018
CHINA-WAREHOUSE,MAT-0428,2025-03-31,0.2038169164855004
CHINA-WAREHOUSE,MAT-0429,2025-01-31,0.014845535860399068
CHINA-WAREHOUSE,MAT-0429,2025-02-28,0.016759774950445686
CHINA-WAREHOUSE,MAT-0429,2025-03-31,0.03499571411451762
CHINA-WAREHOUSE,MAT-0430,2025-01-31,0.07051663241364349
CHINA-WAREHOUSE,MAT-0430,2025-02-28,0.07051663241364349
CHINA-WAREHOUSE,MAT-0430,2025-03-31,0.07051663241364349
SINGAPORE-WAREHOUSE,MAT-0005,2025-01-31,0.014845535860399068
SINGAPORE-WAREHOUSE,MAT-0005,2025-02-28,0.016759774950445686
SINGAPORE-WAREHOUSE,MAT-0005,2025-03-31,0.03499571411451762
SINGAPORE-WAREHOUSE,MAT-0007,2025-01-31,0.0648850200739897
SINGAPORE-WAREHOUSE,MAT-0007,2025-02-28,0.0648850200739897
SINGAPORE-WAREHOUSE,MAT-0007,2025-03-31,0.0648850200739897
SINGAPORE-WAREHOUSE,MAT-0011,2025-01-31,0.0648850200739897
SINGAPORE-WAREHOUSE,MAT-0011,2025-02-28,0.0648850200739897
SINGAPORE-WAREHOUSE,MAT-0011,2025-03-31,0.0648850200739897
SINGAPORE-WAREHOUSE,MAT-0012,2025-01-31,0.7317977547037092
SINGAPORE-WAREHOUSE,MAT-0012,2025-02-28,0.7978571079879271
SINGAPORE-WAREHOUSE,MAT-0012,2025-03-31,0.7966603425961903
SINGAPORE-WAREHOUSE,MAT-0014,2025-01-31,0.03667685156830493
SINGAPORE-WAREHOUSE,MAT-0014,2025-02-28,0.03667685156830493
SINGAPORE-WAREHOUSE,MAT-0014,2025-03-31,0.03667685156830493
SINGAPORE-WAREHOUSE,MAT-0015,2025-01-31,0.02184800123830516
SINGAPORE-WAREHOUSE,MAT-0015,2025-02-28,0.0419981794924237
SINGAPORE-WAREHOUSE,MAT-0015,2025-03-31,0.043679316946211
SINGAPORE-WAREHOUSE,MAT-0019,2025-01-31,0.0648850200739897
SINGAPORE-WAREHOUSE,MAT-0019,2025-02-28,0.0648850200739897
SINGAPORE-WAREHOUSE,MAT-0019,2025-03-31,0.0648850200739897
SINGAPORE-WAREHOUSE,MAT-0022,2025-01-31,0.014845535860399068
SINGAPORE-WAREHOUSE,MAT-0022,2025-02-28,0.016759774950445686
SINGAPORE-WAREHOUSE,MAT-0022,2025-03-31,0.03499571411451762
SINGAPORE-WAREHOUSE,MAT-0024,2025-01-31,0.3553851468200258
SINGAPORE-WAREHOUSE,MAT-0024,2025-02-28,0.3126148682382262
SINGAPORE-WAREHOUSE,MAT-0024,2025-03-31,0.2874140536055811
SINGAPORE-WAREHOUSE,MAT-0025,2025-01-31,0.11885897311622161
SINGAPORE-WAREHOUSE,MAT-0025,2025-02-28,0.11208137997479613
SINGAPORE-WAREHOUSE,MAT-0025,2025-03-31,0.11208137997479613
SINGAPORE-WAREHOUSE,MAT-0028,2025-01-31,0.03499571411451762
SINGAPORE-WAREHOUSE,MAT-0028,2025-02-28,0.03667685156830493
SINGAPORE-WAREHOUSE,MAT-0028,2025-03-31,0.03667685156830493
SINGAPORE-WAREHOUSE,MAT-0029,2025-01-31,0.03499571411451762
SINGAPORE-WAREHOUSE,MAT-0029,2025-02-28,0.03667685156830493
SINGAPORE-WAREHOUSE,MAT-0029,2025-03-31,0.03667685156830493
SINGAPORE-WAREHOUSE,MAT-0030,2025-01-31,0.0648850200739897
SINGAPORE-WAREHOUSE,MAT-0030,2025-02-28,0.0648850200739897
SINGAPORE-WAREHOUSE,MAT-0030,2025-03-31,0.0648850200739897
SINGAPORE-WAREHOUSE,MAT-0032,2025-01-31,0.025402933548044952
SINGAPORE-WAREHOUSE,MAT-0032,2025-02-28,0.04723424925595079
SINGAPORE-WAREHOUSE,MAT-0032,2025-03-31,0.053389158272794876
SINGAPORE-WAREHOUSE,MAT-0034,2025-01-31,0.014845535860399068
SINGAPORE-WAREHOUSE,MAT-0034,2025-02-28,0.016759774950445686
SINGAPORE-WAREHOUSE,MAT-0034,2025-03-31,0.03499571411451762
SINGAPORE-WAREHOUSE,MAT-0035,2025-01-31,0.09481980831736517
SINGAPORE-WAREHOUSE,MAT-0035,2025-02-28,0.14814014353827537
SINGAPORE-WAREHOUSE,MAT-0035,2025-03-31,0.1830598333043603
SINGAPORE-WAREHOUSE,MAT-0037,2025-01-31,1.0808630617896455
SINGAPORE-WAREHOUSE,MAT-0037,2025-02-28,0.8770077677251307
SINGAPORE-WAREHOUSE,MAT-0037,2025-03-31,0.7892006263629903
SINGAPORE-WAREHOUSE,MAT-0039,2025-01-31,0.03499571411451762
SINGAPORE-WAREHOUSE,MAT-0039,2025-02-28,0.03667685156830493
SINGAPORE-WAREHOUSE,MAT-0039,2025-03-31,0.03667685156830493
SINGAPORE-WAREHOUSE,MAT-0040,2025-01-31,0.45393726024923836
SINGAPORE-WAREHOUSE,MAT-0040,2025-02-28,0.37333861892496023
SINGAPORE-WAREHOUSE,MAT-0040,2025-03-31,0.3102116586306749
SINGAPORE-WAREHOUSE,MAT-0041,2025-01-31,0.04723424925595079
SINGAPORE-WAREHOUSE,MAT-0041,2025-02-28,0.053389158272794876
SINGAPORE-WAREHOUSE,MAT-0041,2025-03-31,0.07051663241364349
SINGAPORE-WAREHOUSE,MAT-0043,2025-01-31,0.03667685156830493
SINGAPORE-WAREHOUSE,MAT-0043,2025-02-28,0.03667685156830493
SINGAPORE-WAREHOUSE,MAT-0043,2025-03-31,0.03667685156830493
SINGAPORE-WAREHOUSE,MAT-0044,2025-01-31,0.3102116586306749
SINGAPORE-WAREHOUSE,MAT-0044,2025-02-28,0.2544785087885169
SINGAPORE-WAREHOUSE,MAT-0044,2025-03-31,0.20405391609147147
SINGAPORE-WAREHOUSE,MAT-0045,2025-01-31,0.014845535860399068
SINGAPORE-WAREHOUSE,MAT-0045,2025-02-28,0.016759774950445686
SINGAPORE-WAREHOUSE,MAT-0045,2025-03-31,0.03499571411451762
SINGAPORE-WAREHOUSE,MAT-0046,2025-01-31,0.13724091670849964
SINGAPORE-WAREHOUSE,MAT-0046,2025-02-28,0.12911440747641173
SINGAPORE-WAREHOUSE,MAT-0046,2025-03-31,0.125833079212786
SINGAPORE-WAREHOUSE,MAT-0048,2025-01-31,0.014845535860399068
SINGAPORE-WAREHOUSE,MAT-0048,2025-02-28,0.016759774950445686
SINGAPORE-WAREHOUSE,MAT-0048,2025-03-31,0.03499571411451762
SINGAPORE-WAREHOUSE,MAT-0050,2025-01-31,0.014845535860399068
SINGAPORE-WAREHOUSE,MAT-0050,2025-02-28,0.016759774950445686
SINGAPORE-WAREHOUSE,MAT-0050,2025-03-31,0.03499571411451762
SINGAPORE-WAREHOUSE,MAT-0051,2025-01-31,0.734404468893174
SINGAPORE-WAREHOUSE,MAT-0051,2025-02-28,0.7289866989152618
SINGAPORE-WAREHOUSE,MAT-0051,2025-03-31,0.6629273456310439
SINGAPORE-WAREHOUSE,MAT-0053,2025-01-31,0.0648850200739897
SINGAPORE-WAREHOUSE,MAT-0053,2025-02-28,0.0648850200739897
SINGAPORE-WAREHOUSE,MAT-0053,2025-03-31,0.0648850200739897
SINGAPORE-WAREHOUSE,MAT-0055,2025-01-31,0.014845535860399068
SINGAPORE-WAREHOUSE,MAT-0055,2025-02-28,0.016759774950445686
SINGAPORE-WAREHOUSE,MAT-0055,2025-03-31,0.03499571411451762
SINGAPORE-WAREHOUSE,MAT-0056,2025-01-31,0.15834888375451503
SINGAPORE-WAREHOUSE,MAT-0056,2025-02-28,0.15327042919543504
SINGAPORE-WAREHOUSE,MAT-0056,2025-03-31,0.16940193077292323
SINGAPORE-WAREHOUSE,MAT-0057,2025-01-31,0.03499571411451762
SINGAPORE-WAREHOUSE,MAT-0057,2025-02-28,0.03667685156830493
SINGAPORE-WAREHOUSE,MAT-0057,2025-03-31,0.03667685156830493
SINGAPORE-WAREHOUSE,MAT-0058,2025-01-31,0.014845535860399068
SINGAPORE-WAREHOUSE,MAT-0058,2025-02-28,0.016759774950445686
SINGAPORE-WAREHOUSE,MAT-0058,2025-03-31,0.03499571411451762
SINGAPORE-WAREHOUSE,MAT-0062,2025-01-31,0.20872091564385714
SINGAPORE-WAREHOUSE,MAT-0062,2025-02-28,0.1821569417862604
SINGAPORE-WAREHOUSE,MAT-0062,2025-03-31,0.15452561508433588
SINGAPORE-WAREHOUSE,MAT-0063,2025-01-31,0.014845535860399068
SINGAPORE-WAREHOUSE,MAT-0063,2025-02-28,0.016759774950445686
SINGAPORE-WAREHOUSE,MAT-0063,2025-03-31,0.03499571411451762
SINGAPORE-WAREHOUSE,MAT-0064,2025-01-31,0.014845535860399068
SINGAPORE-WAREHOUSE,MAT-0064,2025-02-28,0.016759774950445686
SINGAPORE-WAREHOUSE,MAT-0064,2025-03-31,0.03499571411451762
SINGAPORE-WAREHOUSE,MAT-0065,2025-01-31,0.2544785087885169
SINGAPORE-WAREHOUSE,MAT-0065,2025-02-28,0.20405391609147147
SINGAPORE-WAREHOUSE,MAT-0065,2025-03-31,0.1797537321787091
SINGAPORE-WAREHOUSE,MAT-0066,2025-01-31,0.03667685156830493
SINGAPORE-WAREHOUSE,MAT-0066,2025-02-28,0.03667685156830493
SINGAPORE-WAREHOUSE,MAT-0066,2025-03-31,0.03667685156830493
SINGAPORE-WAREHOUSE,MAT-0067,2025-01-31,0.03667685156830493
SINGAPORE-WAREHOUSE,MAT-0067,2025-02-28,0.03667685156830493
SINGAPORE-WAREHOUSE,MAT-0067,2025-03-31,0.03667685156830493
SINGAPORE-WAREHOUSE,MAT-0068,2025-01-31,0.3126148682382262
SINGAPORE-WAREHOUSE,MAT-0068,2025-02-28,0.2874140536055811
SINGAPORE-WAREHOUSE,MAT-0068,2025-03-31,0.2568817183960682
SINGAPORE-WAREHOUSE,MAT-0071,2025-01-31,0.48375771844610266
SINGAPORE-WAREHOUSE,MAT-0071,2025-02-28,0.4418956348509819
SINGAPORE-WAREHOUSE,MAT-0071,2025-03-31,0.35758441872293945
SINGAPORE-WAREHOUSE,MAT-0072,2025-01-31,0.3102116586306749
SINGAPORE-WAREHOUSE,MAT-0072,2025-02-28,0.2544785087885169
SINGAPORE-WAREHOUSE,MAT-0072,2025-03-31,0.20405391609147147
SINGAPORE-WAREHOUSE,MAT-0073,2025-01-31,0.1797537321787091
SINGAPORE-WAREHOUSE,MAT-0073,2025-02-28,0.15212240547678457
SINGAPORE-WAREHOUSE,MAT-0073,2025-03-31,0.13823171544959253
SINGAPORE-WAREHOUSE,MAT-0074,2025-01-31,0.3529819372124745
SINGAPORE-WAREHOUSE,MAT-0074,2025-02-28,0.3102116586306749
SINGAPORE-WAREHOUSE,MAT-0074,2025-03-31,0.2544785087885169
SINGAPORE-WAREHOUSE,MAT-0075,2025-01-31,0.018415492980928757
SINGAPORE-WAREHOUSE,MAT-0075,2025-02-28,0.04555311180216349
SINGAPORE-WAREHOUSE,MAT-0075,2025-03-31,0.04723424925595079
SINGAPORE-WAREHOUSE,MAT-0076,2025-01-31,0.014845535860399068
SINGAPORE-WAREHOUSE,MAT-0076,2025-02-28,0.016759774950445686
SINGAPORE-WAREHOUSE,MAT-0076,2025-03-31,0.03499571411451762
SINGAPORE-WAREHOUSE,MAT-0077,2025-01-31,0.043679316946211
SINGAPORE-WAREHOUSE,MAT-0077,2025-02-28,0.043679316946211
SINGAPORE-WAREHOUSE,MAT-0077,2025-03-31,0.043679316946211
SINGAPORE-WAREHOUSE,MAT-0078,2025-01-31,0.10196643646510929
SINGAPORE-WAREHOUSE,MAT-0078,2025-02-28,0.11208137997479613
SINGAPORE-WAREHOUSE,MAT-0078,2025-03-31,0.11208137997479613
SINGAPORE-WAREHOUSE,MAT-0079,2025-01-31,0.0648850200739897
SINGAPORE-WAREHOUSE,MAT-0079,2025-02-28,0.0648850200739897
SINGAPORE-WAREHOUSE,MAT-0079,2025-03-31,0.0648850200739897
SINGAPORE-WAREHOUSE,MAT-0080,2025-01-31,0.03499571411451762
SINGAPORE-WAREHOUSE,MAT-0080,2025-02-28,0.03667685156830493
SINGAPORE-WAREHOUSE,MAT-0080,2025-03-31,0.03667685156830493
SINGAPORE-WAREHOUSE,MAT-0081,2025-01-31,0.03667685156830493
SINGAPORE-WAREHOUSE,MAT-0081,2025-02-28,0.03667685156830493
SINGAPORE-WAREHOUSE,MAT-0081,2025-03-31,0.03667685156830493
SINGAPORE-WAREHOUSE,MAT-0085,2025-01-31,0.14978512632860838
SINGAPORE-WAREHOUSE,MAT-0085,2025-02-28,0.23787646077442304
SINGAPORE-WAREHOUSE,MAT-0085,2025-03-31,0.2906483758499868
SINGAPORE-WAREHOUSE,MAT-0088,2025-01-31,0.014845535860399068
SINGAPORE-WAREHOUSE,MAT-0088,2025-02-28,0.016759774950445686
SINGAPORE-WAREHOUSE,MAT-0088,2025-03-31,0.03499571411451762
SINGAPORE-WAREHOUSE,MAT-0089,2025-01-31,0.15212240547678457
SINGAPORE-WAREHOUSE,MAT-0089,2025-02-28,0.13823171544959253
SINGAPORE-WAREHOUSE,MAT-0089,2025-03-31,0.12911440747641173
SINGAPORE-WAREHOUSE,MAT-0093,2025-01-31,0.03667685156830493
SINGAPORE-WAREHOUSE,MAT-0093,2025-02-28,0.03667685156830493
SINGAPORE-WAREHOUSE,MAT-0093,2025-03-31,0.03667685156830493
SINGAPORE-WAREHOUSE,MAT-0095,2025-01-31,0.014845535860399068
SINGAPORE-WAREHOUSE,MAT-0095,2025-02-28,0.016759774950445686
SINGAPORE-WAREHOUSE,MAT-0095,2025-03-31,0.03499571411451762
SINGAPORE-WAREHOUSE,MAT-0096,2025-01-31,0.014845535860399068
SINGAPORE-WAREHOUSE,MAT-0096,2025-02-28,0.016759774950445686
SINGAPORE-WAREHOUSE,MAT-0096,2025-03-31,0.03499571411451762
SINGAPORE-WAREHOUSE,MAT-0097,2025-01-31,0.014845535860399068
SINGAPORE-WAREHOUSE,MAT-0097,2025-02-28,0.016759774950445686
SINGAPORE-WAREHOUSE,MAT-0097,2025-03-31,0.03499571411451762
SINGAPORE-WAREHOUSE,MAT-0098,2025-01-31,0.1865683818664421
SINGAPORE-WAREHOUSE,MAT-0098,2025-02-28,0.15452561508433588
SINGAPORE-WAREHOUSE,MAT-0098,2025-03-31,0.14386332778924635
SINGAPORE-WAREHOUSE,MAT-0099,2025-01-31,1.0271011577209477
SINGAPORE-WAREHOUSE,MAT-0099,2025-02-28,0.7057627623459294
SINGAPORE-WAREHOUSE,MAT-0099,2025-03-31,0.47321977092115436
SINGAPORE-WAREHOUSE,MAT-0100,2025-01-31,0.045173532052357725
SINGAPORE-WAREHOUSE,MAT-0100,2025-02-28,0.03667685156830493
SINGAPORE-WAREHOUSE,MAT-0100,2025-03-31,0.03667685156830493
SINGAPORE-WAREHOUSE,MAT-0103,2025-01-31,0.03667685156830493
SINGAPORE-WAREHOUSE,MAT-0103,2025-02-28,0.03667685156830493
SINGAPORE-WAREHOUSE,MAT-0103,2025-03-31,0.03667685156830493
SINGAPORE-WAREHOUSE,MAT-0104,2025-01-31,0.04555311180216349
SINGAPORE-WAREHOUSE,MAT-0104,2025-02-28,0.04723424925595079
SINGAPORE-WAREHOUSE,MAT-0104,2025-03-31,0.053389158272794876
SINGAPORE-WAREHOUSE,MAT-0105,2025-01-31,0.014845535860399068
SINGAPORE-WAREHOUSE,MAT-0105,2025-02-28,0.016759774950445686
SINGAPORE-WAREHOUSE,MAT-0105,2025-03-31,0.03499571411451762
SINGAPORE-WAREHOUSE,MAT-0106,2025-01-31,0.13128697070908685
SINGAPORE-WAREHOUSE,MAT-0106,2025-02-28,0.13408295386031463
SINGAPORE-WAREHOUSE,MAT-0106,2025-03-31,0.13408295386031463
SINGAPORE-WAREHOUSE,MAT-0109,2025-01-31,0.5206872681512408
SINGAPORE-WAREHOUSE,MAT-0109,2025-02-28,0.45368853074543414
SINGAPORE-WAREHOUSE,MAT-0109,2025-03-31,0.373089889421156
SINGAPORE-WAREHOUSE,MAT-0110,2025-01-31,0.03667685156830493
SINGAPORE-WAREHOUSE,MAT-0110,2025-02-28,0.03667685156830493
SINGAPORE-WAREHOUSE,MAT-0110,2025-03-31,0.03667685156830493
SINGAPORE-WAREHOUSE,MAT-0111,2025-01-31,0.014845535860399068
SINGAPORE-WAREHOUSE,MAT-0111,2025-02-28,0.016759774950445686
SINGAPORE-WAREHOUSE,MAT-0111,2025-03-31,0.03499571411451762
SINGAPORE-WAREHOUSE,MAT-0112,2025-01-31,0.27575848030970446
SINGAPORE-WAREHOUSE,MAT-0112,2025-02-28,0.27575848030970446
SINGAPORE-WAREHOUSE,MAT-0112,2025-03-31,0.2918899818871927
SINGAPORE-WAREHOUSE,MAT-0113,2025-01-31,0.03667685156830493
SINGAPORE-WAREHOUSE,MAT-0113,2025-02-28,0.03667685156830493
SINGAPORE-WAREHOUSE,MAT-0113,2025-03-31,0.03667685156830493
SINGAPORE-WAREHOUSE,MAT-0114,2025-01-31,0.014845535860399068
SINGAPORE-WAREHOUSE,MAT-0114,2025-02-28,0.016759774950445686
SINGAPORE-WAREHOUSE,MAT-0114,2025-03-31,0.03499571411451762
SINGAPORE-WAREHOUSE,MAT-0115,2025-01-31,0.03667685156830493
SINGAPORE-WAREHOUSE,MAT-0115,2025-02-28,0.03667685156830493
SINGAPORE-WAREHOUSE,MAT-0115,2025-03-31,0.03667685156830493
SINGAPORE-WAREHOUSE,MAT-0116,2025-01-31,0.36615845097785965
SINGAPORE-WAREHOUSE,MAT-0116,2025-02-28,0.3126148682382262
SINGAPORE-WAREHOUSE,MAT-0116,2025-03-31,0.2874140536055811
SINGAPORE-WAREHOUSE,MAT-0121,2025-01-31,0.10196643646510929
SINGAPORE-WAREHOUSE,MAT-0121,2025-02-28,0.11208137997479613
SINGAPORE-WAREHOUSE,MAT-0121,2025-03-31,0.11208137997479613
SINGAPORE-WAREHOUSE,MAT-0122,2025-01-31,0.13724091670849964
SINGAPORE-WAREHOUSE,MAT-0122,2025-02-28,0.12911440747641173
SINGAPORE-WAREHOUSE,MAT-0122,2025-03-31,0.125833079212786
SINGAPORE-WAREHOUSE,MAT-0123,2025-01-31,0.014845535860399068
SINGAPORE-WAREHOUSE,MAT-0123,2025-02-28,0.016759774950445686
SINGAPORE-WAREHOUSE,MAT-0123,2025-03-31,0.03499571411451762
SINGAPORE-WAREHOUSE,MAT-0124,2025-01-31,0.014845535860399068
SINGAPORE-WAREHOUSE,MAT-0124,2025-02-28,0.016759774950445686
SINGAPORE-WAREHOUSE,MAT-0124,2025-03-31,0.03499571411451762
SINGAPORE-WAREHOUSE,MAT-0125,2025-01-31,0.014845535860399068
SINGAPORE-WAREHOUSE,MAT-0125,2025-02-28,0.016759774950445686
SINGAPORE-WAREHOUSE,MAT-0125,2025-03-31,0.03499571411451762
SINGAPORE-WAREHOUSE,MAT-0126,2025-01-31,0.03499571411451762
SINGAPORE-WAREHOUSE,MAT-0126,2025-02-28,0.03667685156830493
SINGAPORE-WAREHOUSE,MAT-0126,2025-03-31,0.03667685156830493
SINGAPORE-WAREHOUSE,MAT-0130,2025-01-31,0.15212240547678457
SINGAPORE-WAREHOUSE,MAT-0130,2025-02-28,0.13823171544959253
SINGAPORE-WAREHOUSE,MAT-0130,2025-03-31,0.12911440747641173
SINGAPORE-WAREHOUSE,MAT-0131,2025-01-31,0.0648850200739897
SINGAPORE-WAREHOUSE,MAT-0131,2025-02-28,0.0648850200739897
SINGAPORE-WAREHOUSE,MAT-0131,2025-03-31,0.0648850200739897
SINGAPORE-WAREHOUSE,MAT-0133,2025-01-31,0.03667685156830493
SINGAPORE-WAREHOUSE,MAT-0133,2025-02-28,0.03667685156830493
SINGAPORE-WAREHOUSE,MAT-0133,2025-03-31,0.03667685156830493
SINGAPORE-WAREHOUSE,MAT-0135,2025-01-31,0.3529819372124745
SINGAPORE-WAREHOUSE,MAT-0135,2025-02-28,0.3102116586306749
SINGAPORE-WAREHOUSE,MAT-0135,2025-03-31,0.2544785087885169
SINGAPORE-WAREHOUSE,MAT-0136,2025-01-31,0.014845535860399068
SINGAPORE-WAREHOUSE,MAT-0136,2025-02-28,0.016759774950445686
SINGAPORE-WAREHOUSE,MAT-0136,2025-03-31,0.03499571411451762
SINGAPORE-WAREHOUSE,MAT-0137,2025-01-31,0.13289920759841126
SINGAPORE-WAREHOUSE,MAT-0137,2025-02-28,0.1398733136949756
SINGAPORE-WAREHOUSE,MAT-0137,2025-03-31,0.19740370453303283
SINGAPORE-WAREHOUSE,MAT-0138,2025-01-31,0.03499571411451762
SINGAPORE-WAREHOUSE,MAT-0138,2025-02-28,0.03667685156830493
SINGAPORE-WAREHOUSE,MAT-0138,2025-03-31,0.03667685156830493
SINGAPORE-WAREHOUSE,MAT-0139,2025-01-31,0.014845535860399068
SINGAPORE-WAREHOUSE,MAT-0139,2025-02-28,0.016759774950445686
SINGAPORE-WAREHOUSE,MAT-0139,2025-03-31,0.03499571411451762
SINGAPORE-WAREHOUSE,MAT-0141,2025-01-31,0.0648850200739897
SINGAPORE-WAREHOUSE,MAT-0141,2025-02-28,0.0648850200739897
SINGAPORE-WAREHOUSE,MAT-0141,2025-03-31,0.0648850200739897
SINGAPORE-WAREHOUSE,MAT-0146,2025-01-31,0.014845535860399068
SINGAPORE-WAREHOUSE,MAT-0146,2025-02-28,0.016759774950445686
SINGAPORE-WAREHOUSE,MAT-0146,2025-03-31,0.03499571411451762
SINGAPORE-WAREHOUSE,MAT-0150,2025-01-31,0.016759774950445686
SINGAPORE-WAREHOUSE,MAT-0150,2025-02-28,0.03499571411451762
SINGAPORE-WAREHOUSE,MAT-0150,2025-03-31,0.03667685156830493
SINGAPORE-WAREHOUSE,MAT-0151,2025-01-31,0.014845535860399068
SINGAPORE-WAREHOUSE,MAT-0151,2025-02-28,0.016759774950445686
SINGAPORE-WAREHOUSE,MAT-0151,2025-03-31,0.03499571411451762
SINGAPORE-WAREHOUSE,MAT-0153,2025-01-31,0.014845535860399068
SINGAPORE-WAREHOUSE,MAT-0153,2025-02-28,0.016759774950445686
SINGAPORE-WAREHOUSE,MAT-0153,2025-03-31,0.03499571411451762
SINGAPORE-WAREHOUSE,MAT-0156,2025-01-31,0.3593439796913666
SINGAPORE-WAREHOUSE,MAT-0156,2025-02-28,0.45976134330992074
SINGAPORE-WAREHOUSE,MAT-0156,2025-03-31,0.5663132035095283
SINGAPORE-WAREHOUSE,MAT-0162,2025-01-31,0.0648850200739897
SINGAPORE-WAREHOUSE,MAT-0162,2025-02-28,0.0648850200739897
SINGAPORE-WAREHOUSE,MAT-0162,2025-03-31,0.0648850200739897
SINGAPORE-WAREHOUSE,MAT-0163,2025-01-31,0.03499571411451762
SINGAPORE-WAREHOUSE,MAT-0163,2025-02-28,0.03667685156830493
SINGAPORE-WAREHOUSE,MAT-0163,2025-03-31,0.03667685156830493
SINGAPORE-WAREHOUSE,MAT-0164,2025-01-31,0.17613270061927716
SINGAPORE-WAREHOUSE,MAT-0164,2025-02-28,0.15172977664945514
SINGAPORE-WAREHOUSE,MAT-0164,2025-03-31,0.1378390866222631
SINGAPORE-WAREHOUSE,MAT-0165,2025-01-31,0.3808365726061431
SINGAPORE-WAREHOUSE,MAT-0165,2025-02-28,0.41975476455272037
SINGAPORE-WAREHOUSE,MAT-0165,2025-03-31,0.4450245680532114
SINGAPORE-WAREHOUSE,MAT-0167,2025-01-31,0.014845535860399068
SINGAPORE-WAREHOUSE,MAT-0167,2025-02-28,0.016759774950445686
SINGAPORE-WAREHOUSE,MAT-0167,2025-03-31,0.03499571411451762
SINGAPORE-WAREHOUSE,MAT-0168,2025-01-31,0.03667685156830493
SINGAPORE-WAREHOUSE,MAT-0168,2025-02-28,0.03667685156830493
SINGAPORE-WAREHOUSE,MAT-0168,2025-03-31,0.03667685156830493
SINGAPORE-WAREHOUSE,MAT-0171,2025-01-31,0.041602636916297
SINGAPORE-WAREHOUSE,MAT-0171,2025-02-28,0.041602636916297
SINGAPORE-WAREHOUSE,MAT-0171,2025-03-31,0.041602636916297
SINGAPORE-WAREHOUSE,MAT-0172,2025-01-31,1.1042150848694618
SINGAPORE-WAREHOUSE,MAT-0172,2025-02-28,1.1042150848694618
SINGAPORE-WAREHOUSE,MAT-0172,2025-03-31,1.1042150848694618
SINGAPORE-WAREHOUSE,MAT-0174,2025-01-31,0.11208137997479613
SINGAPORE-WAREHOUSE,MAT-0174,2025-02-28,0.11208137997479613
SINGAPORE-WAREHOUSE,MAT-0174,2025-03-31,0.11208137997479613
SINGAPORE-WAREHOUSE,MAT-0175,2025-01-31,0.1075980488047631
SINGAPORE-WAREHOUSE,MAT-0175,2025-02-28,0.11771299231444989
SINGAPORE-WAREHOUSE,MAT-0175,2025-03-31,0.11771299231444989
SINGAPORE-WAREHOUSE,MAT-0177,2025-01-31,0.014845535860399068
SINGAPORE-WAREHOUSE,MAT-0177,2025-02-28,0.016759774950445686
SINGAPORE-WAREHOUSE,MAT-0177,2025-03-31,0.03499571411451762
SINGAPORE-WAREHOUSE,MAT-0178,2025-01-31,0.014845535860399068
SINGAPORE-WAREHOUSE,MAT-0178,2025-02-28,0.016759774950445686
SINGAPORE-WAREHOUSE,MAT-0178,2025-03-31,0.03499571411451762
SINGAPORE-WAREHOUSE,MAT-0179,2025-01-31,0.03667685156830493
SINGAPORE-WAREHOUSE,MAT-0179,2025-02-28,0.03667685156830493
SINGAPORE-WAREHOUSE,MAT-0179,2025-03-31,0.03667685156830493
SINGAPORE-WAREHOUSE,MAT-0180,2025-01-31,0.0648850200739897
SINGAPORE-WAREHOUSE,MAT-0180,2025-02-28,0.0648850200739897
SINGAPORE-WAREHOUSE,MAT-0180,2025-03-31,0.0648850200739897
SINGAPORE-WAREHOUSE,MAT-0182,2025-01-31,0.03499571411451762
SINGAPORE-WAREHOUSE,MAT-0182,2025-02-28,0.03667685156830493
SINGAPORE-WAREHOUSE,MAT-0182,2025-03-31,0.03667685156830493
SINGAPORE-WAREHOUSE,MAT-0183,2025-01-31,0.014845535860399068
SINGAPORE-WAREHOUSE,MAT-0183,2025-02-28,0.016759774950445686
SINGAPORE-WAREHOUSE,MAT-0183,2025-03-31,0.03499571411451762
SINGAPORE-WAREHOUSE,MAT-0184,2025-01-31,0.25085747722908486
SINGAPORE-WAREHOUSE,MAT-0184,2025-02-28,0.20043288453203953
SINGAPORE-WAREHOUSE,MAT-0184,2025-03-31,0.17613270061927716
SINGAPORE-WAREHOUSE,MAT-0185,2025-01-31,0.03667685156830493
SINGAPORE-WAREHOUSE,MAT-0185,2025-02-28,0.03667685156830493
SINGAPORE-WAREHOUSE,MAT-0185,2025-03-31,0.03667685156830493
SINGAPORE-WAREHOUSE,MAT-0186,2025-01-31,0.83608465731582
SINGAPORE-WAREHOUSE,MAT-0186,2025-02-28,0.7986470808053424
SINGAPORE-WAREHOUSE,MAT-0186,2025-03-31,0.7367298784268922
SINGAPORE-WAREHOUSE,MAT-0191,2025-01-31,0.014845535860399068
SINGAPORE-WAREHOUSE,MAT-0191,2025-02-28,0.016759774950445686
SINGAPORE-WAREHOUSE,MAT-0191,2025-03-31,0.03499571411451762
SINGAPORE-WAREHOUSE,MAT-0192,2025-01-31,0.045173532052357725
SINGAPORE-WAREHOUSE,MAT-0192,2025-02-28,0.03667685156830493
SINGAPORE-WAREHOUSE,MAT-0192,2025-03-31,0.03667685156830493
SINGAPORE-WAREHOUSE,MAT-0194,2025-01-31,0.014845535860399068
SINGAPORE-WAREHOUSE,MAT-0194,2025-02-28,0.016759774950445686
SINGAPORE-WAREHOUSE,MAT-0194,2025-03-31,0.03499571411451762
SINGAPORE-WAREHOUSE,MAT-0197,2025-01-31,0.014845535860399068
SINGAPORE-WAREHOUSE,MAT-0197,2025-02-28,0.016759774950445686
SINGAPORE-WAREHOUSE,MAT-0197,2025-03-31,0.03499571411451762
SINGAPORE-WAREHOUSE,MAT-0207,2025-01-31,0.025402933548044952
SINGAPORE-WAREHOUSE,MAT-0207,2025-02-28,0.04723424925595079
SINGAPORE-WAREHOUSE,MAT-0207,2025-03-31,0.053389158272794876
SINGAPORE-WAREHOUSE,MAT-0210,2025-01-31,0.13823171544959253
SINGAPORE-WAREHOUSE,MAT-0210,2025-02-28,0.12911440747641173
SINGAPORE-WAREHOUSE,MAT-0210,2025-03-31,0.125833079212786
SINGAPORE-WAREHOUSE,MAT-0211,2025-01-31,0.5977757458035807
SINGAPORE-WAREHOUSE,MAT-0211,2025-02-28,0.5977757458035807
SINGAPORE-WAREHOUSE,MAT-0211,2025-03-31,0.5977757458035807
SINGAPORE-WAREHOUSE,MAT-0212,2025-01-31,0.2027166424040326
SINGAPORE-WAREHOUSE,MAT-0212,2025-02-28,0.1605236523959666
SINGAPORE-WAREHOUSE,MAT-0212,2025-03-31,0.17796993107959802
SINGAPORE-WAREHOUSE,MAT-0213,2025-01-31,0.11885897311622161
SINGAPORE-WAREHOUSE,MAT-0213,2025-02-28,0.11208137997479613
SINGAPORE-WAREHOUSE,MAT-0213,2025-03-31,0.11208137997479613
SINGAPORE-WAREHOUSE,MAT-0217,2025-01-31,0.10196643646510929
SINGAPORE-WAREHOUSE,MAT-0217,2025-02-28,0.11208137997479613
SINGAPORE-WAREHOUSE,MAT-0217,2025-03-31,0.11208137997479613
SINGAPORE-WAREHOUSE,MAT-0218,2025-01-31,0.014845535860399068
SINGAPORE-WAREHOUSE,MAT-0218,2025-02-28,0.016759774950445686
SINGAPORE-WAREHOUSE,MAT-0218,2025-03-31,0.03499571411451762
SINGAPORE-WAREHOUSE,MAT-0221,2025-01-31,0.2568817183960682
SINGAPORE-WAREHOUSE,MAT-0221,2025-02-28,0.20872091564385714
SINGAPORE-WAREHOUSE,MAT-0221,2025-03-31,0.1821569417862604
SINGAPORE-WAREHOUSE,MAT-0222,2025-01-31,0.025402933548044952
SINGAPORE-WAREHOUSE,MAT-0222,2025-02-28,0.04723424925595079
SINGAPORE-WAREHOUSE,MAT-0222,2025-03-31,0.053389158272794876
SINGAPORE-WAREHOUSE,MAT-0223,2025-01-31,0.014845535860399068
SINGAPORE-WAREHOUSE,MAT-0223,2025-02-28,0.016759774950445686
SINGAPORE-WAREHOUSE,MAT-0223,2025-03-31,0.03499571411451762
SINGAPORE-WAREHOUSE,MAT-0224,2025-01-31,0.15212240547678457
SINGAPORE-WAREHOUSE,MAT-0224,2025-02-28,0.13823171544959253
SINGAPORE-WAREHOUSE,MAT-0224,2025-03-31,0.12911440747641173
SINGAPORE-WAREHOUSE,MAT-0225,2025-01-31,0.363857389393727
SINGAPORE-WAREHOUSE,MAT-0225,2025-02-28,0.3102116586306749
SINGAPORE-WAREHOUSE,MAT-0225,2025-03-31,0.2544785087885169
SINGAPORE-WAREHOUSE,MAT-0226,2025-01-31,0.13999435453051004
SINGAPORE-WAREHOUSE,MAT-0226,2025-02-28,0.13724091670849964
SINGAPORE-WAREHOUSE,MAT-0226,2025-03-31,0.12911440747641173
SINGAPORE-WAREHOUSE,MAT-0227,2025-01-31,0.36615845097785965
SINGAPORE-WAREHOUSE,MAT-0227,2025-02-28,0.3126148682382262
SINGAPORE-WAREHOUSE,MAT-0227,2025-03-31,0.2874140536055811
SINGAPORE-WAREHOUSE,MAT-0228,2025-01-31,0.08189085739018229
SINGAPORE-WAREHOUSE,MAT-0228,2025-02-28,0.1474083961465247
SINGAPORE-WAREHOUSE,MAT-0228,2025-03-31,0.18085473172053865
SINGAPORE-WAREHOUSE,MAT-0230,2025-01-31,0.03667685156830493
SINGAPORE-WAREHOUSE,MAT-0230,2025-02-28,0.03667685156830493
SINGAPORE-WAREHOUSE,MAT-0230,2025-03-31,0.03667685156830493
SINGAPORE-WAREHOUSE,MAT-0233,2025-01-31,0.018415492980928757
SINGAPORE-WAREHOUSE,MAT-0233,2025-02-28,0.04555311180216349
SINGAPORE-WAREHOUSE,MAT-0233,2025-03-31,0.04723424925595079
SINGAPORE-WAREHOUSE,MAT-0234,2025-01-31,1.4558674394219646
SINGAPORE-WAREHOUSE,MAT-0234,2025-02-28,1.0407590602523846
SINGAPORE-WAREHOUSE,MAT-0234,2025-03-31,0.7315071992814633
SINGAPORE-WAREHOUSE,MAT-0237,2025-01-31,0.7122117142501805
SINGAPORE-WAREHOUSE,MAT-0237,2025-02-28,0.6652527551647621
SINGAPORE-WAREHOUSE,MAT-0237,2025-03-31,0.523012677684959
SINGAPORE-WAREHOUSE,MAT-0241,2025-01-31,0.014845535860399068
SINGAPORE-WAREHOUSE,MAT-0241,2025-02-28,0.016759774950445686
SINGAPORE-WAREHOUSE,MAT-0241,2025-03-31,0.03499571411451762
SINGAPORE-WAREHOUSE,MAT-0242,2025-01-31,0.014845535860399068
SINGAPORE-WAREHOUSE,MAT-0242,2025-02-28,0.016759774950445686
SINGAPORE-WAREHOUSE,MAT-0242,2025-03-31,0.03499571411451762
SINGAPORE-WAREHOUSE,MAT-0243,2025-01-31,1.0496093444235768
SINGAPORE-WAREHOUSE,MAT-0243,2025-02-28,0.8337592477821019
SINGAPORE-WAREHOUSE,MAT-0243,2025-03-31,0.734404468893174
SINGAPORE-WAREHOUSE,MAT-0244,2025-01-31,0.797143445323923
SINGAPORE-WAREHOUSE,MAT-0244,2025-02-28,0.7367298784268922
SINGAPORE-WAREHOUSE,MAT-0244,2025-03-31,0.73131210844898
SINGAPORE-WAREHOUSE,MAT-0246,2025-01-31,0.014845535860399068
SINGAPORE-WAREHOUSE,MAT-0246,2025-02-28,0.016759774950445686
SINGAPORE-WAREHOUSE,MAT-0246,2025-03-31,0.03499571411451762
SINGAPORE-WAREHOUSE,MAT-0247,2025-01-31,0.4287772937164449
SINGAPORE-WAREHOUSE,MAT-0247,2025-02-28,0.5482307313956483
SINGAPORE-WAREHOUSE,MAT-0247,2025-03-31,0.6620985882403337
SINGAPORE-WAREHOUSE,MAT-0248,2025-01-31,0.014845535860399068
SINGAPORE-WAREHOUSE,MAT-0248,2025-02-28,0.016759774950445686
SINGAPORE-WAREHOUSE,MAT-0248,2025-03-31,0.03499571411451762
SINGAPORE-WAREHOUSE,MAT-0250,2025-01-31,0.125833079212786
SINGAPORE-WAREHOUSE,MAT-0250,2025-02-28,0.11885897311622161
SINGAPORE-WAREHOUSE,MAT-0250,2025-03-31,0.11208137997479613
SINGAPORE-WAREHOUSE,MAT-0252,2025-01-31,0.014845535860399068
SINGAPORE-WAREHOUSE,MAT-0252,2025-02-28,0.016759774950445686
SINGAPORE-WAREHOUSE,MAT-0252,2025-03-31,0.03499571411451762
SINGAPORE-WAREHOUSE,MAT-0253,2025-01-31,0.014845535860399068
SINGAPORE-WAREHOUSE,MAT-0253,2025-02-28,0.016759774950445686
SINGAPORE-WAREHOUSE,MAT-0253,2025-03-31,0.03499571411451762
SINGAPORE-WAREHOUSE,MAT-0255,2025-01-31,0.45368853074543414
SINGAPORE-WAREHOUSE,MAT-0255,2025-02-28,0.373089889421156
SINGAPORE-WAREHOUSE,MAT-0255,2025-03-31,0.3126148682382262
SINGAPORE-WAREHOUSE,MAT-0257,2025-01-31,0.014845535860399068
SINGAPORE-WAREHOUSE,MAT-0257,2025-02-28,0.016759774950445686
SINGAPORE-WAREHOUSE,MAT-0257,2025-03-31,0.03499571411451762
SINGAPORE-WAREHOUSE,MAT-0258,2025-01-31,0.014845535860399068
SINGAPORE-WAREHOUSE,MAT-0258,2025-02-28,0.016759774950445686
SINGAPORE-WAREHOUSE,MAT-0258,2025-03-31,0.03499571411451762
SINGAPORE-WAREHOUSE,MAT-0260,2025-01-31,0.014845535860399068
SINGAPORE-WAREHOUSE,MAT-0260,2025-02-28,0.016759774950445686
SINGAPORE-WAREHOUSE,MAT-0260,2025-03-31,0.03499571411451762
SINGAPORE-WAREHOUSE,MAT-0263,2025-01-31,0.014845535860399068
SINGAPORE-WAREHOUSE,MAT-0263,2025-02-28,0.016759774950445686
SINGAPORE-WAREHOUSE,MAT-0263,2025-03-31,0.03499571411451762
SINGAPORE-WAREHOUSE,MAT-0267,2025-01-31,0.1314646915524398
SINGAPORE-WAREHOUSE,MAT-0267,2025-02-28,0.1314646915524398
SINGAPORE-WAREHOUSE,MAT-0267,2025-03-31,0.1314646915524398
SINGAPORE-WAREHOUSE,MAT-0268,2025-01-31,-0.09907404581671826
SINGAPORE-WAREHOUSE,MAT-0268,2025-02-28,0.22238753456502242
SINGAPORE-WAREHOUSE,MAT-0268,2025-03-31,-0.09824375479527829
SINGAPORE-WAREHOUSE,MAT-0269,2025-01-31,0.018239335507284793
SINGAPORE-WAREHOUSE,MAT-0269,2025-02-28,0.03499571411451762
SINGAPORE-WAREHOUSE,MAT-0269,2025-03-31,0.03667685156830493
SINGAPORE-WAREHOUSE,MAT-0271,2025-01-31,0.125833079212786
SINGAPORE-WAREHOUSE,MAT-0271,2025-02-28,0.11885897311622161
SINGAPORE-WAREHOUSE,MAT-0271,2025-03-31,0.11208137997479613
SINGAPORE-WAREHOUSE,MAT-0272,2025-01-31,0.014845535860399068
SINGAPORE-WAREHOUSE,MAT-0272,2025-02-28,0.016759774950445686
SINGAPORE-WAREHOUSE,MAT-0272,2025-03-31,0.03499571411451762
SINGAPORE-WAREHOUSE,MAT-0273,2025-01-31,0.15419908550669859
SINGAPORE-WAREHOUSE,MAT-0273,2025-02-28,0.14030839547950655
SINGAPORE-WAREHOUSE,MAT-0273,2025-03-31,0.13931759673841365
SINGAPORE-WAREHOUSE,MAT-0274,2025-01-31,0.0648850200739897
SINGAPORE-WAREHOUSE,MAT-0274,2025-02-28,0.0648850200739897
SINGAPORE-WAREHOUSE,MAT-0274,2025-03-31,0.0648850200739897
SINGAPORE-WAREHOUSE,MAT-0275,2025-01-31,0.025402933548044952
SINGAPORE-WAREHOUSE,MAT-0275,2025-02-28,0.04723424925595079
SINGAPORE-WAREHOUSE,MAT-0275,2025-03-31,0.053389158272794876
SINGAPORE-WAREHOUSE,MAT-0276,2025-01-31,0.014845535860399068
SINGAPORE-WAREHOUSE,MAT-0276,2025-02-28,0.016759774950445686
SINGAPORE-WAREHOUSE,MAT-0276,2025-03-31,0.03499571411451762
SINGAPORE-WAREHOUSE,MAT-0283,2025-01-31,0.014845535860399068
SINGAPORE-WAREHOUSE,MAT-0283,2025-02-28,0.016759774950445686
SINGAPORE-WAREHOUSE,MAT-0283,2025-03-31,0.03499571411451762
SINGAPORE-WAREHOUSE,MAT-0288,2025-01-31,0.03667685156830493
SINGAPORE-WAREHOUSE,MAT-0288,2025-02-28,0.03667685156830493
SINGAPORE-WAREHOUSE,MAT-0288,2025-03-31,0.03667685156830493
SINGAPORE-WAREHOUSE,MAT-0292,2025-01-31,0.0648850200739897
SINGAPORE-WAREHOUSE,MAT-0292,2025-02-28,0.0648850200739897
SINGAPORE-WAREHOUSE,MAT-0292,2025-03-31,0.0648850200739897
SINGAPORE-WAREHOUSE,MAT-0295,2025-01-31,0.12449058545587549
SINGAPORE-WAREHOUSE,MAT-0295,2025-02-28,0.12449058545587549
SINGAPORE-WAREHOUSE,MAT-0295,2025-03-31,0.12449058545587549
SINGAPORE-WAREHOUSE,MAT-0296,2025-01-31,0.043679316946211
SINGAPORE-WAREHOUSE,MAT-0296,2025-02-28,0.043679316946211
SINGAPORE-WAREHOUSE,MAT-0296,2025-03-31,0.043679316946211
SINGAPORE-WAREHOUSE,MAT-0301,2025-01-31,0.15452561508433588
SINGAPORE-WAREHOUSE,MAT-0301,2025-02-28,0.14386332778924635
SINGAPORE-WAREHOUSE,MAT-0301,2025-03-31,0.14287252904815345
SINGAPORE-WAREHOUSE,MAT-0302,2025-01-31,0.019771321208391163
SINGAPORE-WAREHOUSE,MAT-0302,2025-02-28,0.039921499462509696
SINGAPORE-WAREHOUSE,MAT-0302,2025-03-31,0.041602636916297
SINGAPORE-WAREHOUSE,MAT-0303,2025-01-31,0.45368853074543414
SINGAPORE-WAREHOUSE,MAT-0303,2025-02-28,0.373089889421156
SINGAPORE-WAREHOUSE,MAT-0303,2025-03-31,0.3126148682382262
SINGAPORE-WAREHOUSE,MAT-0304,2025-01-31,0.014845535860399068
SINGAPORE-WAREHOUSE,MAT-0304,2025-02-28,0.016759774950445686
SINGAPORE-WAREHOUSE,MAT-0304,2025-03-31,0.03499571411451762
SINGAPORE-WAREHOUSE,MAT-0305,2025-01-31,0.02184800123830516
SINGAPORE-WAREHOUSE,MAT-0305,2025-02-28,0.0419981794924237
SINGAPORE-WAREHOUSE,MAT-0305,2025-03-31,0.043679316946211
SINGAPORE-WAREHOUSE,MAT-0307,2025-01-31,1.04829151787245
SINGAPORE-WAREHOUSE,MAT-0307,2025-02-28,0.7722415739231359
SINGAPORE-WAREHOUSE,MAT-0307,2025-03-31,0.7367298784268922
SINGAPORE-WAREHOUSE,MAT-0308,2025-01-31,0.014845535860399068
SINGAPORE-WAREHOUSE,MAT-0308,2025-02-28,0.016759774950445686
SINGAPORE-WAREHOUSE,MAT-0308,2025-03-31,0.03499571411451762
SINGAPORE-WAREHOUSE,MAT-0309,2025-01-31,0.1797537321787091
SINGAPORE-WAREHOUSE,MAT-0309,2025-02-28,0.15212240547678457
SINGAPORE-WAREHOUSE,MAT-0309,2025-03-31,0.13823171544959253
SINGAPORE-WAREHOUSE,MAT-0310,2025-01-31,1.479360127967228
SINGAPORE-WAREHOUSE,MAT-0310,2025-02-28,0.9348748177127705
SINGAPORE-WAREHOUSE,MAT-0310,2025-03-31,0.814411842249279
SINGAPORE-WAREHOUSE,MAT-0316,2025-01-31,0.016759774950445686
SINGAPORE-WAREHOUSE,MAT-0316,2025-02-28,0.03499571411451762
SINGAPORE-WAREHOUSE,MAT-0316,2025-03-31,0.03667685156830493
SINGAPORE-WAREHOUSE,MAT-0319,2025-01-31,0.014845535860399068
SINGAPORE-WAREHOUSE,MAT-0319,2025-02-28,0.016759774950445686
SINGAPORE-WAREHOUSE,MAT-0319,2025-03-31,0.03499571411451762
SINGAPORE-WAREHOUSE,MAT-0320,2025-01-31,0.1075980488047631
SINGAPORE-WAREHOUSE,MAT-0320,2025-02-28,0.11771299231444989
SINGAPORE-WAREHOUSE,MAT-0320,2025-03-31,0.11771299231444989
SINGAPORE-WAREHOUSE,MAT-0322,2025-01-31,0.03667685156830493
SINGAPORE-WAREHOUSE,MAT-0322,2025-02-28,0.03667685156830493
SINGAPORE-WAREHOUSE,MAT-0322,2025-03-31,0.03667685156830493
SINGAPORE-WAREHOUSE,MAT-0323,2025-01-31,0.03667685156830493
SINGAPORE-WAREHOUSE,MAT-0323,2025-02-28,0.03667685156830493
SINGAPORE-WAREHOUSE,MAT-0323,2025-03-31,0.03667685156830493
SINGAPORE-WAREHOUSE,MAT-0327,2025-01-31,0.3529819372124745
SINGAPORE-WAREHOUSE,MAT-0327,2025-02-28,0.3102116586306749
SINGAPORE-WAREHOUSE,MAT-0327,2025-03-31,0.2544785087885169
SINGAPORE-WAREHOUSE,MAT-0334,2025-01-31,0.03667685156830493
SINGAPORE-WAREHOUSE,MAT-0334,2025-02-28,0.03667685156830493
SINGAPORE-WAREHOUSE,MAT-0334,2025-03-31,0.03667685156830493
SINGAPORE-WAREHOUSE,MAT-0335,2025-01-31,2.781458316382929
SINGAPORE-WAREHOUSE,MAT-0335,2025-02-28,2.953544484307674
SINGAPORE-WAREHOUSE,MAT-0335,2025-03-31,2.8687202024646004
SINGAPORE-WAREHOUSE,MAT-0336,2025-01-31,0.0648850200739897
SINGAPORE-WAREHOUSE,MAT-0336,2025-02-28,0.0648850200739897
SINGAPORE-WAREHOUSE,MAT-0336,2025-03-31,0.0648850200739897
SINGAPORE-WAREHOUSE,MAT-0338,2025-01-31,0.1823719235681836
SINGAPORE-WAREHOUSE,MAT-0338,2025-02-28,0.15212240547678457
SINGAPORE-WAREHOUSE,MAT-0338,2025-03-31,0.13823171544959253
SINGAPORE-WAREHOUSE,MAT-0339,2025-01-31,0.03667685156830493
SINGAPORE-WAREHOUSE,MAT-0339,2025-02-28,0.03667685156830493
SINGAPORE-WAREHOUSE,MAT-0339,2025-03-31,0.03667685156830493
SINGAPORE-WAREHOUSE,MAT-0340,2025-01-31,0.6613382733937947
SINGAPORE-WAREHOUSE,MAT-0340,2025-02-28,0.38633022534958056
SINGAPORE-WAREHOUSE,MAT-0340,2025-03-31,0.32424864164624306
SINGAPORE-WAREHOUSE,MAT-0344,2025-01-31,0.1141580600047101
SINGAPORE-WAREHOUSE,MAT-0344,2025-02-28,0.1141580600047101
SINGAPORE-WAREHOUSE,MAT-0344,2025-03-31,0.1141580600047101
SINGAPORE-WAREHOUSE,MAT-0345,2025-01-31,0.3529819372124745
SINGAPORE-WAREHOUSE,MAT-0345,2025-02-28,0.3102116586306749
SINGAPORE-WAREHOUSE,MAT-0345,2025-03-31,0.2544785087885169
SINGAPORE-WAREHOUSE,MAT-0346,2025-01-31,0.12688337053550094
SINGAPORE-WAREHOUSE,MAT-0346,2025-02-28,0.13366096367692654
SINGAPORE-WAREHOUSE,MAT-0346,2025-03-31,0.14063506977349083
SINGAPORE-WAREHOUSE,MAT-0348,2025-01-31,0.45393726024923836
SINGAPORE-WAREHOUSE,MAT-0348,2025-02-28,0.37333861892496023
SINGAPORE-WAREHOUSE,MAT-0348,2025-03-31,0.3102116586306749
SINGAPORE-WAREHOUSE,MAT-0349,2025-01-31,0.041602636916297
SINGAPORE-WAREHOUSE,MAT-0349,2025-02-28,0.041602636916297
SINGAPORE-WAREHOUSE,MAT-0349,2025-03-31,0.041602636916297
SINGAPORE-WAREHOUSE,MAT-0351,2025-01-31,0.11885897311622161
SINGAPORE-WAREHOUSE,MAT-0351,2025-02-28,0.11208137997479613
SINGAPORE-WAREHOUSE,MAT-0351,2025-03-31,0.11208137997479613
SINGAPORE-WAREHOUSE,MAT-0354,2025-01-31,0.6083629924573775
SINGAPORE-WAREHOUSE,MAT-0354,2025-02-28,0.6261187010803192
SINGAPORE-WAREHOUSE,MAT-0354,2025-03-31,0.6574014255119341
SINGAPORE-WAREHOUSE,MAT-0355,2025-01-31,0.18416517225889079
SINGAPORE-WAREHOUSE,MAT-0355,2025-02-28,0.15212240547678457
SINGAPORE-WAREHOUSE,MAT-0355,2025-03-31,0.13823171544959253
SINGAPORE-WAREHOUSE,MAT-0356,2025-01-31,0.22998208256039707
SINGAPORE-WAREHOUSE,MAT-0356,2025-02-28,0.23260027394987157
SINGAPORE-WAREHOUSE,MAT-0356,2025-03-31,0.23260027394987157
SINGAPORE-WAREHOUSE,MAT-0357,2025-01-31,0.014845535860399068
SINGAPORE-WAREHOUSE,MAT-0357,2025-02-28,0.016759774950445686
SINGAPORE-WAREHOUSE,MAT-0357,2025-03-31,0.03499571411451762
SINGAPORE-WAREHOUSE,MAT-0359,2025-01-31,0.014845535860399068
SINGAPORE-WAREHOUSE,MAT-0359,2025-02-28,0.016759774950445686
SINGAPORE-WAREHOUSE,MAT-0359,2025-03-31,0.03499571411451762
SINGAPORE-WAREHOUSE,MAT-0360,2025-01-31,0.014845535860399068
SINGAPORE-WAREHOUSE,MAT-0360,2025-02-28,0.016759774950445686
SINGAPORE-WAREHOUSE,MAT-0360,2025-03-31,0.03499571411451762
SINGAPORE-WAREHOUSE,MAT-0361,2025-01-31,0.0648850200739897
SINGAPORE-WAREHOUSE,MAT-0361,2025-02-28,0.0648850200739897
SINGAPORE-WAREHOUSE,MAT-0361,2025-03-31,0.0648850200739897
SINGAPORE-WAREHOUSE,MAT-0363,2025-01-31,0.7754905631384624
SINGAPORE-WAREHOUSE,MAT-0363,2025-02-28,0.7754905631384624
SINGAPORE-WAREHOUSE,MAT-0363,2025-03-31,0.7754905631384624
SINGAPORE-WAREHOUSE,MAT-0364,2025-01-31,0.014845535860399068
SINGAPORE-WAREHOUSE,MAT-0364,2025-02-28,0.016759774950445686
SINGAPORE-WAREHOUSE,MAT-0364,2025-03-31,0.03499571411451762
SINGAPORE-WAREHOUSE,MAT-0365,2025-01-31,0.03667685156830493
SINGAPORE-WAREHOUSE,MAT-0365,2025-02-28,0.03667685156830493
SINGAPORE-WAREHOUSE,MAT-0365,2025-03-31,0.03667685156830493
SINGAPORE-WAREHOUSE,MAT-0366,2025-01-31,0.18215321811523721
SINGAPORE-WAREHOUSE,MAT-0366,2025-02-28,0.22229904799114636
SINGAPORE-WAREHOUSE,MAT-0366,2025-03-31,0.24993037469307075
SINGAPORE-WAREHOUSE,MAT-0367,2025-01-31,0.1797537321787091
SINGAPORE-WAREHOUSE,MAT-0367,2025-02-28,0.15212240547678457
SINGAPORE-WAREHOUSE,MAT-0367,2025-03-31,0.13823171544959253
SINGAPORE-WAREHOUSE,MAT-0371,2025-01-31,0.3529819372124745
SINGAPORE-WAREHOUSE,MAT-0371,2025-02-28,0.3102116586306749
SINGAPORE-WAREHOUSE,MAT-0371,2025-03-31,0.2544785087885169
SINGAPORE-WAREHOUSE,MAT-0372,2025-01-31,0.11208137997479613
SINGAPORE-WAREHOUSE,MAT-0372,2025-02-28,0.11208137997479613
SINGAPORE-WAREHOUSE,MAT-0372,2025-03-31,0.11208137997479613
SINGAPORE-WAREHOUSE,MAT-0373,2025-01-31,0.014845535860399068
SINGAPORE-WAREHOUSE,MAT-0373,2025-02-28,0.016759774950445686
SINGAPORE-WAREHOUSE,MAT-0373,2025-03-31,0.03499571411451762
SINGAPORE-WAREHOUSE,MAT-0374,2025-01-31,0.11771299231444989
SINGAPORE-WAREHOUSE,MAT-0374,2025-02-28,0.11771299231444989
SINGAPORE-WAREHOUSE,MAT-0374,2025-03-31,0.11771299231444989
SINGAPORE-WAREHOUSE,MAT-0376,2025-01-31,0.10299322149383394
SINGAPORE-WAREHOUSE,MAT-0376,2025-02-28,0.14459718451652515
SINGAPORE-WAREHOUSE,MAT-0376,2025-03-31,0.1845965501609575
SINGAPORE-WAREHOUSE,MAT-0381,2025-01-31,0.03499571411451762
SINGAPORE-WAREHOUSE,MAT-0381,2025-02-28,0.03667685156830493
SINGAPORE-WAREHOUSE,MAT-0381,2025-03-31,0.03667685156830493
SINGAPORE-WAREHOUSE,MAT-0385,2025-01-31,0.014845535860399068
SINGAPORE-WAREHOUSE,MAT-0385,2025-02-28,0.016759774950445686
SINGAPORE-WAREHOUSE,MAT-0385,2025-03-31,0.03499571411451762
SINGAPORE-WAREHOUSE,MAT-0386,2025-01-31,0.014845535860399068
SINGAPORE-WAREHOUSE,MAT-0386,2025-02-28,0.016759774950445686
SINGAPORE-WAREHOUSE,MAT-0386,2025-03-31,0.03499571411451762
SINGAPORE-WAREHOUSE,MAT-0390,2025-01-31,0.27864266133163673
SINGAPORE-WAREHOUSE,MAT-0390,2025-02-28,0.3954856224714614
SINGAPORE-WAREHOUSE,MAT-0390,2025-03-31,0.5211070331528754
SINGAPORE-WAREHOUSE,MAT-0392,2025-01-31,0.11508781214940529
SINGAPORE-WAREHOUSE,MAT-0392,2025-02-28,0.12520275565909214
SINGAPORE-WAREHOUSE,MAT-0392,2025-03-31,0.13198034880051765
SINGAPORE-WAREHOUSE,MAT-0393,2025-01-31,0.03667685156830493
SINGAPORE-WAREHOUSE,MAT-0393,2025-02-28,0.03667685156830493
SINGAPORE-WAREHOUSE,MAT-0393,2025-03-31,0.03667685156830493
SINGAPORE-WAREHOUSE,MAT-0394,2025-01-31,0.06344809180490385
SINGAPORE-WAREHOUSE,MAT-0394,2025-02-28,0.10856179067050248
SINGAPORE-WAREHOUSE,MAT-0394,2025-03-31,0.12688337053550094
SINGAPORE-WAREHOUSE,MAT-0395,2025-01-31,0.20872091564385714
SINGAPORE-WAREHOUSE,MAT-0395,2025-02-28,0.1821569417862604
SINGAPORE-WAREHOUSE,MAT-0395,2025-03-31,0.15452561508433588
SINGAPORE-WAREHOUSE,MAT-0396,2025-01-31,0.03667685156830493
SINGAPORE-WAREHOUSE,MAT-0396,2025-02-28,0.03667685156830493
SINGAPORE-WAREHOUSE,MAT-0396,2025-03-31,0.03667685156830493
SINGAPORE-WAREHOUSE,MAT-0397,2025-01-31,0.15212240547678457
SINGAPORE-WAREHOUSE,MAT-0397,2025-02-28,0.13823171544959253
SINGAPORE-WAREHOUSE,MAT-0397,2025-03-31,0.12911440747641173
SINGAPORE-WAREHOUSE,MAT-0398,2025-01-31,0.0648850200739897
SINGAPORE-WAREHOUSE,MAT-0398,2025-02-28,0.0648850200739897
SINGAPORE-WAREHOUSE,MAT-0398,2025-03-31,0.0648850200739897
SINGAPORE-WAREHOUSE,MAT-0403,2025-01-31,0.03667685156830493
SINGAPORE-WAREHOUSE,MAT-0403,2025-02-28,0.03667685156830493
SINGAPORE-WAREHOUSE,MAT-0403,2025-03-31,0.03667685156830493
SINGAPORE-WAREHOUSE,MAT-0404,2025-01-31,0.17613270061927716
SINGAPORE-WAREHOUSE,MAT-0404,2025-02-28,0.15172977664945514
SINGAPORE-WAREHOUSE,MAT-0404,2025-03-31,0.1378390866222631
SINGAPORE-WAREHOUSE,MAT-0406,2025-01-31,0.03667685156830493
SINGAPORE-WAREHOUSE,MAT-0406,2025-02-28,0.03667685156830493
SINGAPORE-WAREHOUSE,MAT-0406,2025-03-31,0.03667685156830493
SINGAPORE-WAREHOUSE,MAT-0407,2025-01-31,0.014845535860399068
SINGAPORE-WAREHOUSE,MAT-0407,2025-02-28,0.016759774950445686
SINGAPORE-WAREHOUSE,MAT-0407,2025-03-31,0.03499571411451762
SINGAPORE-WAREHOUSE,MAT-0408,2025-01-31,0.0648850200739897
SINGAPORE-WAREHOUSE,MAT-0408,2025-02-28,0.0648850200739897
SINGAPORE-WAREHOUSE,MAT-0408,2025-03-31,0.0648850200739897
SINGAPORE-WAREHOUSE,MAT-0410,2025-01-31,0.1821545077035259
SINGAPORE-WAREHOUSE,MAT-0410,2025-02-28,0.1844570121759097
SINGAPORE-WAREHOUSE,MAT-0410,2025-03-31,0.2005885137533979
SINGAPORE-WAREHOUSE,MAT-0411,2025-01-31,0.0648850200739897
SINGAPORE-WAREHOUSE,MAT-0411,2025-02-28,0.0648850200739897
SINGAPORE-WAREHOUSE,MAT-0411,2025-03-31,0.0648850200739897
SINGAPORE-WAREHOUSE,MAT-0412,2025-01-31,0.014845535860399068
SINGAPORE-WAREHOUSE,MAT-0412,2025-02-28,0.016759774950445686
SINGAPORE-WAREHOUSE,MAT-0412,2025-03-31,0.03499571411451762
SINGAPORE-WAREHOUSE,MAT-0413,2025-01-31,0.4382097781285218
SINGAPORE-WAREHOUSE,MAT-0413,2025-02-28,0.4193690240208784
SINGAPORE-WAREHOUSE,MAT-0413,2025-03-31,0.4111455109509814
SINGAPORE-WAREHOUSE,MAT-0415,2025-01-31,0.3553851468200258
SINGAPORE-WAREHOUSE,MAT-0415,2025-02-28,0.3126148682382262
SINGAPORE-WAREHOUSE,MAT-0415,2025-03-31,0.2874140536055811
SINGAPORE-WAREHOUSE,MAT-0416,2025-01-31,0.03499571411451762
SINGAPORE-WAREHOUSE,MAT-0416,2025-02-28,0.03667685156830493
SINGAPORE-WAREHOUSE,MAT-0416,2025-03-31,0.03667685156830493
SINGAPORE-WAREHOUSE,MAT-0419,2025-01-31,0.11208137997479613
SINGAPORE-WAREHOUSE,MAT-0419,2025-02-28,0.11208137997479613
SINGAPORE-WAREHOUSE,MAT-0419,2025-03-31,0.11208137997479613
SINGAPORE-WAREHOUSE,MAT-0420,2025-01-31,0.014845535860399068
SINGAPORE-WAREHOUSE,MAT-0420,2025-02-28,0.016759774950445686
SINGAPORE-WAREHOUSE,MAT-0420,2025-03-31,0.03499571411451762
SINGAPORE-WAREHOUSE,MAT-0421,2025-01-31,0.2121011511540549
SINGAPORE-WAREHOUSE,MAT-0421,2025-02-28,0.1850010156018241
SINGAPORE-WAREHOUSE,MAT-0421,2025-03-31,0.17350119047738777
SINGAPORE-WAREHOUSE,MAT-0422,2025-01-31,0.014845535860399068
SINGAPORE-WAREHOUSE,MAT-0422,2025-02-28,0.016759774950445686
SINGAPORE-WAREHOUSE,MAT-0422,2025-03-31,0.03499571411451762
SINGAPORE-WAREHOUSE,MAT-0423,2025-01-31,0.1075980488047631
SINGAPORE-WAREHOUSE,MAT-0423,2025-02-28,0.11771299231444989
SINGAPORE-WAREHOUSE,MAT-0423,2025-03-31,0.11771299231444989
SINGAPORE-WAREHOUSE,MAT-0424,2025-01-31,0.685726880802179
SINGAPORE-WAREHOUSE,MAT-0424,2025-02-28,0.48375771844610266
SINGAPORE-WAREHOUSE,MAT-0424,2025-03-31,0.4418956348509819
SINGAPORE-WAREHOUSE,MAT-0426,2025-01-31,4.571966249364889
SINGAPORE-WAREHOUSE,MAT-0426,2025-02-28,5.223815873474479
SINGAPORE-WAREHOUSE,MAT-0426,2025-03-31,5.398602582136973
SINGAPORE-WAREHOUSE,MAT-0428,2025-01-31,0.523012677684959
SINGAPORE-WAREHOUSE,MAT-0428,2025-02-28,0.45393726024923836
SINGAPORE-WAREHOUSE,MAT-0428,2025-03-31,0.37333861892496023
SINGAPORE-WAREHOUSE,MAT-0431,2025-01-31,0.014845535860399068
SINGAPORE-WAREHOUSE,MAT-0431,2025-02-28,0.016759774950445686
SINGAPORE-WAREHOUSE,MAT-0431,2025-03-31,0.03499571411451762
